id,uuid,version,status,longTicker,errorDescription,shortTicker,pairName,longTickerEntryPrice,longTickerCurrentPrice,shortTickerEntryPrice,shortTickerCurrentPrice,meanEntry,meanCurrent,spreadEntry,spreadCurrent,zScoreEntry,zScoreCurrent,pValueEntry,pValueCurrent,adfPvalueEntry,adfPvalueCurrent,correlationEntry,correlationCurrent,alphaEntry,alphaCurrent,betaEntry,betaCurrent,stdEntry,stdCurrent,zScoreChanges,longUSDTChanges,longPercentChanges,shortUSDTChanges,shortPercentChanges,portfolioBeforeTradeUSDT,profitUSDTChanges,portfolioAfterTradeUSDT,profitPercentChanges,minutesToMinProfitPercent,minutesToMaxProfitPercent,minProfitPercentChanges,maxProfitPercentChanges,formattedTimeToMinProfit,formattedTimeToMaxProfit,formattedProfitLong,formattedProfitShort,formattedProfitCommon,timestamp,entryTime,updatedTime,maxZ,minZ,maxLong,minLong,maxShort,minShort,maxCorr,minCorr,exitReason,closeAtBreakeven,settingsTimeframe,settingsCandleLimit,settingsMinZ,settingsMinWindowSize,settingsMinPValue,settingsMaxAdfValue,settingsMinRSquared,settingsMinCorrelation,settingsMinVolume,settingsCheckInterval,settingsMaxLongMarginSize,settingsMaxShortMarginSize,settingsLeverage,settingsExitTake,settingsExitStop,settingsExitZMin,settingsExitZMax,settingsExitZMaxPercent,settingsExitTimeHours,settingsExitBreakEvenPercent,settingsUsePairs,settingsAutoTradingEnabled,settingsUseMinZFilter,settingsUseMinRSquaredFilter,settingsUseMinPValueFilter,settingsUseMaxAdfValueFilter,settingsUseMinCorrelationFilter,settingsUseMinVolumeFilter,settingsUseExitTake,settingsUseExitStop,settingsUseExitZMin,settingsUseExitZMax,settingsUseExitZMaxPercent,settingsUseExitTimeHours,settingsUseExitBreakEvenPercent,settingsMinimumLotBlacklist
2,f887ead7-9de5-4621-92f8-ffde75abcf83,6,CLOSED,MERL-USDT-SWAP,,UMA-USDT-SWAP,MERL-USDT-SWAP/UMA-USDT-SWAP,0.11312,0.11307,1.357,1.376,0.0,0.0,0.0,0.0,4.970798858533577,4.970798858533577,4.2333471245558505E-76,3.1935014500960297E-75,0.9990003330507833,0.9990003330507833,0.8257790146447033,0.8231491772893981,0.0,0.0,0.0,0.0,0.0,0.0,0.00,-0.01895052,-0.41000000,-0.53486730,-9.90000000,86.4136148096655,-0.55381782,85.8696781496655,-10.31000000,3,1,-10.31000000,0.04659414,-10.31%/3min,0.05%/1min,-0.02$/-0.41%,-0.53$/-9.90%,-0.55$/-10.31%,2025-08-12 10:01:02,2025-08-12 10:01:10,2025-08-12 10:04:11,4.97079885853358,4.970798858533577,0.380111,-0.41000000,0.248783,-9.90000000,0.825779014644703,0.8231491772893981,EXIT_REASON_BY_STOP,false,15m,300.0,2.0,100.0,0.05,0.01,0.8,0.5,1.0,1.0,5.0,5.0,5.0,3.0,-2.0,0.0,0.5,0.0,3.0,1.5,2.0,true,true,true,true,true,true,true,true,true,false,false,false,false,true,
4,ca3d4d9c-86b8-429b-adc0-4bd3311ba492,17,CLOSED,MERL-USDT-SWAP,,UMA-USDT-SWAP,MERL-USDT-SWAP/UMA-USDT-SWAP,0.1135864356435644,0.11392,1.358,1.373,0.0,0.0,0.0,0.0,4.970798858533577,4.355929561746603,1.686815344385145E-76,8.78662565264355E-74,0.9990003330507833,0.9973322390045071,0.8269620795978037,0.8187387790135474,0.0,0.0,0.0,0.0,0.0,0.0,-0.61,0.05844076,1.27000000,-0.29564775,-5.47000000,85.8676781496655,-0.23720699,85.71147410466551,-4.20000000,14,5,-4.20000000,2.49848518,-4.20%/14min,2.50%/5min,0.06$/1.27%,-0.30$/-5.47%,-0.24$/-4.20%,2025-08-12 10:11:01,2025-08-12 10:11:10,2025-08-12 10:25:12,4.97079885853358,4.3559295617466,1.71417900,-0.613212,4.625487,-5.47000000,0.827495453553796,0.8187387790135474,EXIT_REASON_BY_STOP,false,15m,300.0,2.0,100.0,0.05,0.01,0.8,0.5,1.0,1.0,5.0,5.0,5.0,3.0,-2.0,0.0,0.5,0.0,3.0,1.5,2.0,true,true,true,true,true,true,true,true,true,false,false,false,false,true,ENS-USDT-SWAP
5,b09f5528-8151-425a-92b7-1b214de485da,7,CLOSED,DUCK-USDT-SWAP,,KAITO-USDT-SWAP,DUCK-USDT-SWAP/KAITO-USDT-SWAP,0.005078,0.005077,1.1705136363636366,1.1812,0.0,0.0,0.0,0.0,4.594531919301083,4.594531919301083,1.0861775938037909E-55,1.356009296797309E-55,0.36259522398110566,0.36259522398110566,0.7511572302023872,0.7507259509093251,0.0,0.0,0.0,0.0,0.0,0.0,0.00,0.01379310,0.29000000,-0.21980985,-4.15000000,85.6798741046655,-0.20601675,85.38534725466552,-3.86000000,4,1,-3.86000000,0.3105503,-3.86%/4min,0.31%/1min,0.01$/0.29%,-0.22$/-4.15%,-0.21$/-3.86%,2025-08-12 10:31:02,2025-08-12 10:31:10,2025-08-12 10:35:11,4.594531919301083,4.59453191930108,0.73786,0.052753,0.539163,-4.19291200,0.751318556853088,0.7507259509093251,EXIT_REASON_BY_STOP,false,15m,300.0,2.0,100.0,0.05,0.01,0.8,0.5,1.0,1.0,5.0,5.0,5.0,3.0,-2.0,0.0,0.5,0.0,3.0,1.5,2.0,true,true,true,true,true,true,true,true,true,false,false,false,false,true,ENS-USDT-SWAP
6,cd6e33e4-f277-4870-9307-5be9af6cbd13,6,CLOSED,ATH-USDT-SWAP,,UMA-USDT-SWAP,ATH-USDT-SWAP/UMA-USDT-SWAP,0.03332,0.03334,1.438,1.419,0.0,0.0,0.0,0.0,4.876735433221734,4.876735433221734,1.362030258428877E-57,3.671354857466272E-59,0.9600345012287366,0.9600345012287366,0.7594907487628249,0.766121297893795,0.0,0.0,0.0,0.0,0.0,0.0,0.00,0.00599700,0.14000000,0.19709850,3.46000000,85.4048472546655,0.20309550,85.5702221546655,3.60000000,1,2,0.10460274,4.10460296,0.10%/1min,4.10%/2min,0.01$/0.14%,0.20$/3.46%,0.20$/3.60%,2025-08-12 10:36:17,2025-08-12 10:36:26,2025-08-12 10:39:11,4.876735433221734,4.87673543322173,0.790605,0.14000000,6.81516300,-0.097118,0.766121297893795,0.759387009702523,EXIT_REASON_BY_TAKE,false,15m,300.0,2.0,100.0,0.05,0.01,0.8,0.5,1.0,1.0,5.0,5.0,5.0,3.0,-2.0,0.0,0.5,0.0,3.0,1.5,2.0,true,true,true,true,true,true,true,true,true,false,false,false,false,true,ENS-USDT-SWAP
7,1b615fed-e73d-4997-b814-a5e6368ad74e,13,CLOSED,DUCK-USDT-SWAP,,KAITO-USDT-SWAP,DUCK-USDT-SWAP/KAITO-USDT-SWAP,0.005101,0.005084,1.1779,1.1864,0.0,0.0,0.0,0.0,4.594531919301083,4.632483064194169,1.3559346785188325E-55,7.042805637915439E-56,0.36259522398110566,0.3588488069643915,0.7507260579818529,0.7519967953606403,0.0,0.0,0.0,0.0,0.0,0.0,0.04,-0.07816090,-1.66000000,-0.20410200,-3.85000000,85.5113221546655,-0.28226290,85.04798085466551,-5.51000000,9,4,-5.51000000,0.60289184,-5.51%/9min,0.60%/4min,-0.08$/-1.66%,-0.20$/-3.85%,-0.28$/-5.51%,2025-08-12 10:41:02,2025-08-12 10:41:11,2025-08-12 10:51:11,4.63248306419417,4.59453191930108,-0.239738,-1.66000000,1.863338,-3.85000000,0.752923701127955,0.750726057981853,EXIT_REASON_BY_STOP,false,15m,300.0,2.0,100.0,0.05,0.01,0.8,0.5,1.0,1.0,5.0,5.0,5.0,3.0,-2.0,0.0,0.5,0.0,3.0,1.5,2.0,true,true,true,true,true,true,true,true,true,false,false,false,false,true,ENS-USDT-SWAP
8,3af12488-08dd-4f3c-a945-cab6eb42916e,9,CLOSED,DUCK-USDT-SWAP,,HUMA-USDT-SWAP,DUCK-USDT-SWAP/HUMA-USDT-SWAP,0.005071,0.005067,0.03596,0.03635,0.0,0.0,0.0,0.0,4.967679313748006,5.227545563241708,3.488804707527048E-35,8.635041543518732E-35,0.9983276994292366,0.998592883604318,0.634368282357948,0.6315024514053866,0.0,0.0,0.0,0.0,0.0,0.0,0.26,-0.01959020,-0.39000000,-0.27613800,-5.52000000,85.0224808546655,-0.29572820,84.73832875466552,-5.91000000,6,1,-5.91000000,0.8211195,-5.91%/6min,0.82%/1min,-0.02$/-0.39%,-0.28$/-5.52%,-0.30$/-5.91%,2025-08-12 10:56:03,2025-08-12 10:56:11,2025-08-12 11:02:12,5.22754556324171,4.96767931374801,1.228479,-0.39000000,1.29576,-5.52000000,0.634368282357948,0.6315024514053866,EXIT_REASON_BY_STOP,false,15m,300.0,2.0,100.0,0.05,0.01,0.8,0.5,1.0,1.0,5.0,5.0,5.0,3.0,-2.0,0.0,0.5,0.0,3.0,1.5,2.0,true,true,true,true,true,true,true,true,true,false,false,false,false,true,ENS-USDT-SWAP
1,0bab388e-5f29-4553-953b-9e6629d32dcf,75,CLOSED,STX-USDT-SWAP,,SUI-USDT-SWAP,STX-USDT-SWAP/SUI-USDT-SWAP,0.7237,0.7324,3.7512,3.7849,0.0,0.0,0.0,0.0,4.075630047055202,2.9051354077958114,4.5095518137140196E-72,3.2086129943891547E-72,0.7261131481591274,0.8586479365234085,0.8133379758189312,0.8138118103902461,0.0,0.0,0.0,0.0,0.0,0.0,-1.17,0.23478255,5.87000000,-0.24862425,-4.14000000,86.4899139596655,-0.01384170,84.8212447046655,1.73000000,61,81,-0.9800084,1.73000000,-0.98%/61min,1.73%/81min,0.23$/5.87%,-0.25$/-4.14%,-0.01$/1.73%,2025-08-12 09:55:58,2025-08-12 09:56:07,2025-08-12 11:17:15,4.0756300470552,2.83951917342407,6.116749,-1.915751,2.132153,-5.369513,0.814455803615777,0.790688416301476,EXIT_REASON_BY_TIME,false,15m,300.0,3.5,100.0,0.01,0.01,0.8,0.7,1.0,1.0,5.0,5.0,5.0,2.0,-1.5,0.0,0.5,0.0,1.0,1.5,2.0,false,true,true,true,true,true,true,true,true,false,false,false,true,true,
10,08154b28-8e0e-4032-bdff-6a604ab49302,6,CLOSED,SCR-USDT-SWAP,,UMA-USDT-SWAP,SCR-USDT-SWAP/UMA-USDT-SWAP,0.3652,0.3665,1.48,1.503,0.0,0.0,0.0,0.0,4.724345189739956,4.716670478004334,8.850607097931219E-71,3.902372547475218E-64,0.4735361450097761,0.5579305826757777,0.8091353518860168,0.785770438379762,0.0,0.0,0.0,0.0,0.0,0.0,-0.01,0.06396800,1.45000000,-0.43491735,-7.77000000,84.8080447046655,-0.37094935,84.3092113546655,-6.32000000,3,1,-6.32000000,1.69241988,-6.32%/3min,1.69%/1min,0.06$/1.45%,-0.43$/-7.77%,-0.37$/-6.32%,2025-08-12 11:41:16,2025-08-12 11:41:25,2025-08-12 11:45:12,4.72434518973996,4.716670478004334,2.02172700,-0.023727,2.61225,-7.77000000,0.810596312500422,0.785770438379762,EXIT_REASON_BY_STOP,false,15m,300.0,3.5,100.0,0.01,0.01,0.8,0.8,10.0,1.0,5.0,5.0,5.0,2.0,-1.5,0.0,0.5,0.0,1.0,1.5,2.0,true,true,true,true,true,true,true,true,true,false,false,false,true,true,
12,634f5d15-1832-409b-981a-39a85394cda7,49,CLOSED,SUSHI-USDT-SWAP,,WIF-USDT-SWAP,SUSHI-USDT-SWAP/WIF-USDT-SWAP,0.8626,0.8633,0.9685,0.9642,0.0,0.0,0.0,0.0,3.5344780186851326,1.8594288969428234,1.0388558562242572E-209,5.977558213346253E-211,0.13035480231960234,0.14287093131771345,0.979594182523873,0.9799853971816894,0.0,0.0,0.0,0.0,0.0,0.0,-1.68,-0.00499750,-0.11000000,0.12326160,2.20000000,83.8468702346655,0.11826410,84.0888513346655,2.09000000,25,46,-1.6495848,2.09000000,-1.65%/25min,2.09%/46min,0.00$/-0.11%,0.12$/2.20%,0.12$/2.09%,2025-08-12 13:15:34,2025-08-12 13:15:47,2025-08-12 14:02:12,3.53447801868513,1.85942889694282,3.142784,-0.77767,2.442125,-4.357875,0.9799853971816894,0.971817358010677,EXIT_REASON_BY_TAKE,false,15m,300.0,3.5,100.0,0.01,0.01,0.8,0.8,10.0,1.0,5.0,5.0,5.0,1.5,-1.5,0.0,0.5,0.0,1.0,1.5,2.0,true,true,true,true,true,true,true,true,false,false,false,false,false,true,
9,1b8e0434-7936-4026-9c04-1de00d03cccb,238,CLOSED,SHELL-USDT-SWAP,,TNSR-USDT-SWAP,SHELL-USDT-SWAP/TNSR-USDT-SWAP,0.1734,0.1778,0.1381,0.1404,0.0,0.0,0.0,0.0,4.938103131789256,1.6464728925844596,2.3368255009041468E-127,7.572201851249537E-120,0.35104571270074136,0.22392134667580277,0.9251129269474401,0.9154795176318887,0.0,0.0,0.0,0.0,0.0,0.0,-3.29,0.68443340,13.97000000,-0.45894752,-9.00000000,84.6913287546655,0.22548588,84.43894663466551,4.97000000,148,240,-6.33097912,4.97000000,-6.33%/148min,4.97%/240min,0.68$/13.97%,-0.46$/-9.00%,0.23$/4.97%,2025-08-12 11:06:12,2025-08-12 11:06:21,2025-08-12 15:07:16,4.93810313178926,1.55740405311814,13.97000000,-1.777257,0.97069,-15.239457,0.925224347938659,0.904628441702712,EXIT_REASON_BY_TAKE,false,15m,300.0,3.5,100.0,0.01,0.01,0.8,0.8,10.0,1.0,5.0,5.0,5.0,1.5,-1.5,0.0,0.5,0.0,1.0,1.5,2.0,true,true,true,true,true,true,true,true,false,false,false,false,false,true,
13,e2818c2e-609e-4598-a9ba-25c7b371c172,1074,CLOSED,NOT-USDT-SWAP,,SLP-USDT-SWAP,NOT-USDT-SWAP/SLP-USDT-SWAP,0.002191,0.002148,0.002008,0.002045,0.0,0.0,0.0,0.0,4.4052519712029685,1.8724680483041072,1.195656992216035E-141,4.1507126850560633E-63,0.18797505255212338,0.6728628577310034,0.9404198006270694,0.7818754260456224,0.0,0.0,0.0,0.0,0.0,0.0,-2.53,-0.49614909,-9.92000000,-0.46911231,-9.38000000,83.9836513346655,-0.96526140,83.05407618690433,-19.30000000,1066,135,-19.30000000,1.261919,-19.30%/1066min,1.26%/135min,-0.50$/-9.92%,-0.47$/-9.38%,-0.97$/-19.30%,2025-08-12 14:30:30,2025-08-12 14:30:39,2025-08-13 08:17:15,4.47248066497097,0.370172544969439,5.696842,-13.707805,10.757647,-11.119519,0.942420988517662,0.7818754260456224,EXIT_REASON_BY_STOP,false,15m,300.0,3.5,100.0,0.01,0.01,0.8,0.8,10.0,1.0,5.0,5.0,5.0,1.5,-5.0,0.0,0.5,0.0,1.0,1.5,2.0,true,true,true,true,true,true,true,true,true,false,false,false,false,true,
14,1db2f2ad-9fd1-4461-aeec-18d2524d70d5,656,CLOSED,LUNA-USDT-SWAP,,MEME-USDT-SWAP,LUNA-USDT-SWAP/MEME-USDT-SWAP,0.1643,0.1682,0.0018311985294118,0.001916,0.0,0.0,0.0,0.0,3.5573967899700203,1.1642058596273208,2.5341095032302736E-173,3.875088287178807E-135,0.5943953272740219,0.5164384426779657,0.9639112816694957,0.9338940366913921,0.0,0.0,0.0,0.0,0.0,0.0,-2.39,0.58998952,11.80000000,-1.16365097,-23.27000000,84.4785502346655,-0.57366145,82.95145738690434,-11.47000000,651,64,-11.47000000,1.5563895,-11.47%/651min,1.56%/64min,0.59$/11.80%,-1.16$/-23.27%,-0.57$/-11.47%,2025-08-12 21:30:30,2025-08-12 21:30:41,2025-08-13 08:22:12,3.5789196517119,0.758582775422366,13.879454,-3.094264,4.655043,-23.27000000,0.964004932943055,0.909944389217573,EXIT_REASON_BY_STOP,false,15m,300.0,3.5,100.0,0.01,0.01,0.8,0.8,10.0,1.0,5.0,5.0,5.0,1.5,-5.0,0.0,0.5,0.0,1.0,1.5,2.0,true,true,true,true,true,true,true,true,true,false,false,false,false,true,
15,c8eedab6-87bb-4dab-b50d-4d714d29692c,8,CLOSED,AEVO-USDT-SWAP,,ANIME-USDT-SWAP,AEVO-USDT-SWAP/ANIME-USDT-SWAP,0.10691,0.10726,0.01967,0.01952,0.0,0.0,0.0,0.0,4.063438424420782,4.063438424420782,7.987022794939332E-143,3.549879779121626E-144,0.10052508171162783,0.10052508171162783,0.9415249394864171,0.9427703573501522,0.0,0.0,0.0,0.0,0.0,0.0,0.00,0.07918040,1.58000000,0.20330160,4.07000000,82.9514573869043,0.28248200,83.18404844690434,5.65000000,1,5,-1.0694455,5.65000000,-1.07%/1min,5.65%/5min,0.08$/1.58%,0.20$/4.07%,0.28$/5.65%,2025-08-13 09:02:05,2025-08-13 09:02:15,2025-08-13 09:08:12,4.063438424420782,4.06343842442078,1.88010000,-0.3567,4.07000000,-1.782191,0.9427703573501522,0.940980648868231,EXIT_REASON_BY_TAKE,false,15m,300.0,3.5,100.0,0.01,0.01,0.8,0.8,10.0,1.0,5.0,5.0,5.0,1.5,-5.0,0.0,0.5,0.0,1.0,1.5,2.0,true,true,true,true,true,true,true,true,true,false,false,false,false,true,
16,322aba81-8363-4da7-aab7-bbbe4b477857,6,CLOSED,AEVO-USDT-SWAP,,ANIME-USDT-SWAP,AEVO-USDT-SWAP/ANIME-USDT-SWAP,0.10756,0.1078,0.01941,0.01929,0.0,0.0,0.0,0.0,4.063438424420782,4.063438424420782,9.29406262800565E-145,1.5056824796186854E-145,0.10052508171162783,0.10052508171162783,0.9432979669952183,0.9440065412987273,0.0,0.0,0.0,0.0,0.0,0.0,0.00,0.03014492,0.60000000,0.17928960,3.59000000,83.1840484469043,0.20943452,83.34368424690435,4.19000000,1,2,-0.7974065,4.19000000,-0.80%/1min,4.19%/2min,0.03$/0.60%,0.18$/3.59%,0.21$/4.19%,2025-08-13 09:10:33,2025-08-13 09:10:44,2025-08-13 09:13:12,4.063438424420782,4.06343842442078,1.36313900,-0.307261,3.59000000,-1.287552,0.9440065412987273,0.943211273701425,EXIT_REASON_BY_TAKE,false,15m,300.0,3.5,100.0,0.01,0.01,0.8,0.8,10.0,1.0,5.0,5.0,5.0,1.5,-5.0,0.0,0.5,0.0,1.0,1.5,2.0,true,true,true,true,true,true,true,true,true,false,false,false,false,true,
17,32de3a34-673c-4808-95df-10f1c6904788,10,CLOSED,ANIME-USDT-SWAP,,ARB-USDT-SWAP,ANIME-USDT-SWAP/ARB-USDT-SWAP,0.01899,0.01894,0.5219,0.533,0.0,0.0,0.0,0.0,4.663947478432801,6.242512384485303,6.433063257453489E-126,4.169744940110769E-117,1.5379635360800037E-6,0.5769502306833846,0.92335916672568,0.9116483714614876,0.0,0.0,0.0,0.0,0.0,0.0,1.58,-0.06296850,-1.31000000,-0.39219600,-7.54000000,83.3436842469043,-0.45516450,82.83901924690434,-8.85000000,7,1,-8.85000000,0.16350272,-8.85%/7min,0.16%/1min,-0.06$/-1.31%,-0.39$/-7.54%,-0.46$/-8.85%,2025-08-13 09:39:21,2025-08-13 09:39:31,2025-08-13 09:47:12,6.242512384485303,4.6639474784328,-0.538256,-5.788256,4.392049,-10.21372000,0.923632441725537,0.9116483714614876,EXIT_REASON_BY_STOP,false,15m,300.0,3.5,100.0,0.01,0.01,0.8,0.8,10.0,1.0,5.0,5.0,5.0,1.5,-5.0,0.0,0.5,0.0,1.0,1.5,2.0,true,true,true,true,true,true,true,true,true,false,false,false,false,true,
19,0844e8cd-2df9-4014-b4a1-34651501219f,18,CLOSED,APE-USDT-SWAP,,GALA-USDT-SWAP,APE-USDT-SWAP/GALA-USDT-SWAP,0.6518,0.6463,0.01869,0.01842,0.0,0.0,0.0,0.0,4.263178126228318,3.1708858368553274,5.207968707108985E-243,1.375840062913073E-243,0.01921953418490635,0.008417869049256862,0.9878526623908073,0.987961349478539,0.0,0.0,0.0,0.0,0.0,0.0,-1.09,-0.21481254,-4.13000000,0.34577280,7.20000000,82.7366585969043,0.13096026,82.60735401690435,3.07000000,6,15,-0.28527544,3.07000000,-0.29%/6min,3.07%/15min,-0.21$/-4.13%,0.35$/7.20%,0.13$/3.07%,2025-08-13 10:00:33,2025-08-13 10:00:42,2025-08-13 10:16:12,4.26317812622832,3.1708858368553274,1.014823,-4.13000000,7.44920000,-1.3508,0.987963736926994,0.987733528625274,EXIT_REASON_BY_TAKE,false,15m,300.0,3.5,100.0,0.01,0.01,0.8,0.8,10.0,1.0,5.0,5.0,5.0,1.5,-5.0,0.0,0.5,0.0,1.0,1.5,2.0,true,true,true,true,true,true,true,true,true,false,false,false,false,true,
18,a8488c65-1fa6-4f14-ac6a-a6a71dcca1d4,47,CLOSED,ANIME-USDT-SWAP,,DYDX-USDT-SWAP,ANIME-USDT-SWAP/DYDX-USDT-SWAP,0.01908,0.01853,0.7430029411764707,0.7398,0.0,0.0,0.0,0.0,3.5012155777324563,3.7970369680022205,1.3668694214056994E-96,1.9923417371447297E-88,0.6491501890750822,0.8485461682385032,0.8764446090932169,0.8584971163115328,0.0,0.0,0.0,0.0,0.0,0.0,0.30,-0.68165900,-14.20000000,0.09564780,1.84000000,82.8390192469043,-0.58601120,82.15130374690433,-12.36000000,45,16,-12.36000000,1.04960648,-12.36%/45min,1.05%/16min,-0.68$/-14.20%,0.10$/1.84%,-0.59$/-12.36%,2025-08-13 09:50:36,2025-08-13 09:50:46,2025-08-13 10:36:15,3.95510692035755,3.50121557773246,0.24645,-15.25355,11.033289,-0.14748,0.876962570208046,0.852615252499763,EXIT_REASON_BY_STOP,false,15m,300.0,3.5,100.0,0.01,0.01,0.8,0.8,10.0,1.0,5.0,5.0,5.0,1.5,-5.0,0.0,0.5,0.0,1.0,1.5,2.0,true,true,true,true,true,true,true,true,true,false,false,false,false,true,ENS-USDT-SWAP
21,4eaf72ab-50ce-4727-8f5b-a3e82d085c54,29,CLOSED,APE-USDT-SWAP,,ARB-USDT-SWAP,APE-USDT-SWAP/ARB-USDT-SWAP,0.6504,0.6488,0.5326,0.5278,0.0,0.0,0.0,0.0,4.903946877303573,4.74672983056242,4.032450186243455E-135,3.7297424792652773E-122,0.9984090009421563,0.924180794681624,0.9338757575700163,0.9185699466511887,0.0,0.0,0.0,0.0,0.0,0.0,-0.16,-0.07577210,-1.61000000,0.21080535,3.98000000,82.5733540169043,0.13503326,82.37063858190434,2.37000000,19,26,-3.31891557,2.37000000,-3.32%/19min,2.37%/26min,-0.08$/-1.61%,0.21$/3.98%,0.14$/2.37%,2025-08-13 10:25:39,2025-08-13 10:25:49,2025-08-13 10:52:12,4.90394687730357,4.380385948474,1.939569,-1.61000000,4.68393800,-7.9821,0.933993434855272,0.916224128998892,EXIT_REASON_BY_TAKE,false,15m,300.0,3.5,100.0,0.01,0.01,0.8,0.8,10.0,1.0,5.0,5.0,5.0,1.5,-5.0,0.0,0.5,0.0,1.0,1.5,2.0,false,true,true,true,true,true,true,true,true,false,false,false,false,true,ENS-USDT-SWAP
2,8fb0b2f4-cb2a-4ce6-bff4-0c6e0346d6bf,8,CLOSED,SAHARA-USDT-SWAP,,USELESS-USDT-SWAP,SAHARA-USDT-SWAP/USELESS-USDT-SWAP,0.09608,0.09626,0.2852,0.2935,0.0,0.0,0.0,0.0,4.68120562812911,4.0715597516865465,6.572253712632836E-29,1.8474109506156354E-29,0.9638496287186452,0.9347324718619551,0.5847442088403784,0.5894678981779338,0.0,0.0,0.0,0.0,0.0,0.0,-0.61,0.04627462,0.94000000,-0.67918600,-13.32000000,82.2659204919043,-0.63291138,81.64814208290434,-12.38000000,5,1,-12.38000000,-0.4858198,-12.38%/5min,-0.49%/1min,0.05$/0.94%,-0.68$/-13.32%,-0.63$/-12.38%,2025-08-13 15:56:22,2025-08-13 15:56:32,2025-08-13 16:02:11,4.68120562812911,4.0715597516865465,1.13894600,-0.01,-1.188078,-13.32000000,0.589859003582459,0.583234667669999,EXIT_REASON_BY_STOP,false,15m,300.0,2.0,100.0,0.1,1.0,0.5,0.5,10.0,1.0,5.0,5.0,5.0,1.5,-5.0,0.0,0.5,0.0,3.0,1.5,2.0,true,true,true,true,true,true,true,true,true,false,false,false,false,true,
3,dfebfc36-d7fc-4aa9-a071-769b2862bd2f,3,CLOSED,SAHARA-USDT-SWAP,,USELESS-USDT-SWAP,SAHARA-USDT-SWAP/USELESS-USDT-SWAP,0.09615,0.09614,0.2999,0.2979,0.0,0.0,0.0,0.0,4.0715597516865465,4.0715597516865465,2.055722272551832E-29,2.966382137908164E-29,0.9347324718619551,0.9347324718619551,0.5890731822146611,0.5877142662451779,0.0,0.0,0.0,0.0,0.0,0.0,0.00,-0.00519740,-0.10000000,0.09804900,1.96000000,81.6151820829043,0.09285160,81.65822168290433,1.86000000,0,0,0.32596,1.86000000,0.33%/0min,1.86%/0min,-0.01$/-0.10%,0.10$/1.96%,0.09$/1.86%,2025-08-13 16:05:32,2025-08-13 16:05:41,2025-08-13 16:06:03,4.07155975168655,4.0715597516865465,0.30199,-0.10000000,3.00993000,0.34993,0.589073182214661,0.5877142662451779,EXIT_REASON_BY_TAKE,false,15m,300.0,2.0,100.0,0.1,1.0,0.5,0.5,10.0,1.0,5.0,5.0,5.0,1.5,-5.0,0.0,0.5,0.0,3.0,1.5,2.0,true,true,true,true,true,true,true,true,true,false,false,false,false,true,
4,930906b0-8c19-46f1-9f2c-819e4e055e3a,6,CLOSED,SAHARA-USDT-SWAP,,USELESS-USDT-SWAP,SAHARA-USDT-SWAP/USELESS-USDT-SWAP,0.09626,0.09621,0.2998,0.3079,0.0,0.0,0.0,0.0,4.0715597516865465,4.0715597516865465,2.7599918887939435E-29,4.4508483153894336E-29,0.9347324718619551,0.9347324718619551,0.587982005786098,0.5862032029706544,0.0,0.0,0.0,0.0,0.0,0.0,0.00,-0.00959520,-0.19000000,-0.53226600,-10.65000000,81.6377616829043,-0.54186120,81.07868208290434,-10.84000000,3,1,-10.84000000,0.638442,-10.84%/3min,0.64%/1min,-0.01$/-0.19%,-0.53$/-10.65%,-0.54$/-10.84%,2025-08-13 16:10:32,2025-08-13 16:10:41,2025-08-13 16:14:11,4.07155975168655,4.0715597516865465,0.375024,-0.200976,1.18986,-11.13014000,0.588182686029773,0.5862032029706544,EXIT_REASON_BY_STOP,false,15m,300.0,2.0,100.0,0.1,1.0,0.5,0.5,10.0,1.0,5.0,5.0,5.0,1.5,-5.0,0.0,0.5,0.0,3.0,1.5,2.0,true,true,true,true,true,true,true,true,true,false,false,false,false,true,
5,3a8e342f-ef5e-419d-8bbd-4e2ff2aa9eae,7,CLOSED,SAHARA-USDT-SWAP,,USELESS-USDT-SWAP,SAHARA-USDT-SWAP/USELESS-USDT-SWAP,0.09637,0.09604,0.3092,0.3193,0.0,0.0,0.0,0.0,4.479410820534965,4.479410820534965,3.254270971649416E-29,1.0820254386557925E-28,0.9971451940605199,0.9971451940605199,0.587370015758996,0.5828671575099195,0.0,0.0,0.0,0.0,0.0,0.0,0.00,-0.08745625,-1.75000000,-0.54627300,-10.93000000,81.0580920829043,-0.63372925,80.39131633290434,-12.68000000,3,1,-12.68000000,0.3886825,-12.68%/3min,0.39%/1min,-0.09$/-1.75%,-0.55$/-10.93%,-0.63$/-12.68%,2025-08-13 16:15:32,2025-08-13 16:15:41,2025-08-13 16:19:11,4.479410820534965,4.47941082053496,0.190925,-1.809075,2.03644,-13.92356000,0.587370015758996,0.5828671575099195,EXIT_REASON_BY_STOP,false,15m,300.0,2.0,100.0,0.1,1.0,0.5,0.5,10.0,1.0,5.0,5.0,5.0,1.5,-5.0,0.0,0.5,0.0,3.0,1.5,2.0,true,true,true,true,true,true,true,true,true,false,false,false,false,true,
1,f158dcca-cb50-4674-9918-5405382ac3d4,233,CLOSED,CATI-USDT-SWAP,,PNUT-USDT-SWAP,CATI-USDT-SWAP/PNUT-USDT-SWAP,0.09602,0.09711,0.2623,0.2639,0.0,0.0,0.0,0.0,2.872190319159402,0.6345015090492098,3.765104685221489E-52,2.138644916248686E-53,0.7084307341891547,0.2264373469372432,0.7347127291429594,0.7406433814113584,0.0,0.0,0.0,0.0,0.0,0.0,-2.24,0.27574151,5.51000000,-0.14288310,-2.86000000,82.3706385819043,0.13285841,80.37117133790433,2.65000000,111,233,-1.2066295,2.65000000,-1.21%/111min,2.65%/233min,0.28$/5.51%,-0.14$/-2.86%,0.13$/2.65%,2025-08-13 15:25:10,2025-08-13 15:25:20,2025-08-13 19:19:14,2.8721903191594,0.6345015090492098,8.045493,-1.641107,1.879848,-7.840152,0.740714107872958,0.723411055777465,EXIT_REASON_BY_TAKE,false,15m,300.0,2.0,100.0,0.1,1.0,0.5,0.5,10.0,1.0,5.0,5.0,5.0,1.5,-5.0,0.0,0.5,0.0,3.0,1.5,2.0,true,true,true,true,true,true,true,true,true,false,false,false,false,true,
7,1a250efc-037b-413d-b7a7-9ac5afaa8299,20,CLOSED,BIO-USDT-SWAP,,WLD-USDT-SWAP,BIO-USDT-SWAP/WLD-USDT-SWAP,0.1198584816753928,0.12031,1.131,1.1291,0.0,0.0,0.0,0.0,3.1159337954989117,2.274227292889696,2.2173361517277487E-28,3.3182675612311514E-28,0.7918607596183921,0.6832294092752966,-0.580144432593305,-0.5786033082001383,0.0,0.0,0.0,0.0,0.0,0.0,-0.84,0.09956020,2.16000000,0.01800900,0.33000000,80.3847513379043,0.11756920,80.47060556290431,2.49000000,4,17,-0.10712534,2.49000000,-0.11%/4min,2.49%/17min,0.10$/2.16%,0.02$/0.33%,0.12$/2.49%,2025-08-13 19:20:36,2025-08-13 19:20:45,2025-08-13 19:38:11,3.11593379549891,2.274227292889696,2.16000000,-1.862468,2.145204,-0.014056,-0.572578640026489,-0.58065228289501,EXIT_REASON_BY_TAKE,false,15m,300.0,2.0,100.0,0.1,1.0,0.5,0.5,10.0,1.0,5.0,5.0,5.0,1.5,-5.0,0.0,0.5,0.0,3.0,1.5,2.0,true,true,true,true,true,true,true,true,true,false,false,false,false,true,
8,c8d6495f-bbde-4e14-8071-0ecd7c066815,11,CLOSED,BIO-USDT-SWAP,,WLD-USDT-SWAP,BIO-USDT-SWAP/WLD-USDT-SWAP,0.12049,0.12017,1.1332,1.1222,0.0,0.0,0.0,0.0,2.274227292889696,2.3455865750579425,3.8297976159857777E-28,4.198269656293895E-28,0.6832294092752966,0.6869000262510881,-0.578053258420069,-0.5777002798577111,0.0,0.0,0.0,0.0,0.0,0.0,0.07,-0.05317340,-1.16000000,0.23771880,4.40000000,80.4312055629043,0.18454540,80.5296274629043,3.24000000,1,7,-0.07488288,3.24000000,-0.07%/1min,3.24%/7min,-0.05$/-1.16%,0.24$/4.40%,0.18$/3.24%,2025-08-13 19:40:31,2025-08-13 19:40:40,2025-08-13 19:48:11,2.3455865750579425,2.2742272928897,-0.040292,-2.435945,4.71231900,0.312319,-0.5777002798577111,-0.578828650547426,EXIT_REASON_BY_TAKE,false,15m,300.0,2.0,100.0,0.1,1.0,0.5,0.5,10.0,1.0,5.0,5.0,5.0,1.5,-5.0,0.0,0.5,0.0,3.0,1.5,2.0,true,true,true,true,true,true,true,true,true,false,false,false,false,true,
9,2d13e98f-404d-47fe-82dc-e361fd860b66,58,CLOSED,ACT-USDT-SWAP,,BERA-USDT-SWAP,ACT-USDT-SWAP/BERA-USDT-SWAP,0.04458,0.04424,2.122,2.156,0.0,0.0,0.0,0.0,2.590669038375534,3.550301548766178,6.174028586625784E-138,9.278037766250524E-125,0.9546196870422273,0.8929828956140178,0.9367843832724593,0.92191629750507,0.0,0.0,0.0,0.0,0.0,0.0,0.96,-0.17450497,-4.06000000,-0.42759936,-7.50000000,80.4804674629043,-0.60210433,79.86794944790431,-11.56000000,54,8,-11.56000000,1.36501154,-11.56%/54min,1.37%/8min,-0.17$/-4.06%,-0.43$/-7.50%,-0.60$/-11.56%,2025-08-13 19:50:31,2025-08-13 19:50:40,2025-08-13 20:45:11,3.550301548766178,1.5608960053231,1.233769,-4.25879,3.305568,-7.71872900,0.937063023566711,0.92191629750507,EXIT_REASON_BY_STOP,false,15m,300.0,2.0,100.0,0.1,1.0,0.5,0.5,10.0,1.0,5.0,5.0,5.0,1.5,-5.0,0.0,0.5,0.0,3.0,1.5,2.0,true,true,true,true,true,true,true,true,true,false,false,false,false,true,
10,efa7f2af-e87a-4b49-b87f-e7fa97613251,16,CLOSED,OP-USDT-SWAP,,RAY-USDT-SWAP,OP-USDT-SWAP/RAY-USDT-SWAP,0.8476,0.8426,3.9678,4.0651,0.0,0.0,0.0,0.0,4.413182591978368,3.8584766682125506,3.3991191806175845E-125,2.7510284835133347E-123,0.020619552751544958,0.010741072685062657,0.9224624753819182,0.9200428088604949,0.0,0.0,0.0,0.0,0.0,0.0,-0.55,-0.11744125,-2.73000000,-0.50965470,-8.94000000,79.8596694479043,-0.62709595,79.1401966979043,-11.67000000,12,1,-11.67000000,0.20298422,-11.67%/12min,0.20%/1min,-0.12$/-2.73%,-0.51$/-8.94%,-0.63$/-11.67%,2025-08-13 20:50:32,2025-08-13 20:50:42,2025-08-13 21:03:11,4.49752082552812,3.85847666821255,0.711512,-2.73000000,-0.001695,-10.03327400,0.922462475381918,0.917716629239368,EXIT_REASON_BY_STOP,false,15m,300.0,2.0,100.0,0.1,1.0,0.5,0.5,10.0,1.0,5.0,5.0,5.0,1.5,-5.0,0.0,0.5,0.0,3.0,1.5,2.0,true,true,true,true,true,true,true,true,true,false,false,false,false,true,
11,90523175-0dfe-49a1-9680-ee9ae0f9f87b,7,CLOSED,ANIME-USDT-SWAP,,BERA-USDT-SWAP,ANIME-USDT-SWAP/BERA-USDT-SWAP,0.01852,0.0185,2.173,2.158,0.0,0.0,0.0,0.0,4.277545708247411,4.277545708247411,2.0317006298946702E-117,3.1235185071775734E-118,0.7873644767334063,0.7873644767334063,0.9120938749658563,0.9132431034452329,0.0,0.0,0.0,0.0,0.0,0.0,0.00,-0.02358820,-0.54000000,0.23051520,4.12000000,79.1724166979043,0.20692700,79.33413569790432,3.58000000,1,3,-0.24365988,3.58000000,-0.24%/1min,3.58%/3min,-0.02$/-0.54%,0.23$/4.12%,0.21$/3.58%,2025-08-13 21:05:32,2025-08-13 21:05:41,2025-08-13 21:09:11,4.277545708247411,4.27754570824741,-0.019845,-0.556209,4.12000000,-0.2088,0.9132431034452329,0.91191153300651,EXIT_REASON_BY_TAKE,false,15m,300.0,2.0,100.0,0.1,1.0,0.5,0.5,10.0,1.0,5.0,5.0,5.0,1.5,-5.0,0.0,0.5,0.0,3.0,1.5,2.0,true,true,true,true,true,true,true,true,true,false,false,false,false,true,
12,48042dde-0b18-4e50-9218-038755759f77,5,CLOSED,ANIME-USDT-SWAP,,BERA-USDT-SWAP,ANIME-USDT-SWAP/BERA-USDT-SWAP,0.01852,0.01852,2.153,2.142,0.0,0.0,0.0,0.0,4.277545708247411,4.277545708247411,1.2732160675447236E-118,6.308751502751847E-119,0.7873644767334063,0.7873644767334063,0.9137882858194992,0.9142123652467066,0.0,0.0,0.0,0.0,0.0,0.0,0.00,0E-8,0E-8,0.11885940,2.09000000,79.3291356979043,0.11885940,79.38103749790432,2.09000000,1,2,0.00158799,2.09000000,0.00%/1min,2.09%/2min,0.00$/0.00%,0.12$/2.09%,0.12$/2.09%,2025-08-13 21:10:37,2025-08-13 21:10:45,2025-08-13 21:13:11,4.277545708247411,4.27754570824741,0.24765100,-0.287233,2.79666300,0.017716,0.9142123652467066,0.913758329662762,EXIT_REASON_BY_TAKE,false,15m,300.0,2.0,100.0,0.1,1.0,0.5,0.5,10.0,1.0,5.0,5.0,5.0,1.5,-5.0,0.0,0.5,0.0,3.0,1.5,2.0,true,true,true,true,true,true,true,true,true,false,false,false,false,true,
6,e87e8955-1388-42a4-bd96-22d71f7028c2,303,CLOSED,MERL-USDT-SWAP,,SAHARA-USDT-SWAP,MERL-USDT-SWAP/SAHARA-USDT-SWAP,0.1125120720720721,0.11106,0.09598,0.09587,0.0,0.0,0.0,0.0,2.6255185275862343,-0.25453279901656856,1.3504368960526004E-58,3.258161418050854E-46,0.041953362524409496,0.08698442463141837,0.7637564417953568,0.7040766516929994,0.0,0.0,0.0,0.0,0.0,0.0,-2.88,-0.32026387,-6.41000000,0.02302240,0.46000000,80.4093163329043,-0.29724147,79.25581596790431,-5.95000000,299,62,-5.95000000,0.6338635,-5.95%/299min,0.63%/62min,-0.32$/-6.41%,0.02$/0.46%,-0.30$/-5.95%,2025-08-13 16:20:31,2025-08-13 16:20:41,2025-08-13 21:20:16,2.62551852758623,-0.254532799016569,4.280977,-8.11228,3.76418,-6.36005,0.763952335060338,0.691366810780496,EXIT_REASON_BY_Z_MIN,false,15m,300.0,3.5,100.0,0.1,0.8,0.8,0.8,10.0,1.0,5.0,5.0,5.0,1.5,-5.0,0.0,0.5,0.0,2.0,1.5,2.0,false,true,true,true,true,true,true,true,true,true,false,false,true,true,
13,038269af-1660-4f7a-ac02-20b9b13b607b,12,CLOSED,ANIME-USDT-SWAP,,BERA-USDT-SWAP,ANIME-USDT-SWAP/BERA-USDT-SWAP,0.01853,0.01856,2.141,2.132,0.0,0.0,0.0,0.0,2.758439919975253,2.758439919975253,3.553742483590905E-118,1.2696926087565598E-118,0.36987456892117043,0.36987456892117043,0.9131644136019368,0.913789963761785,0.0,0.0,0.0,0.0,0.0,0.0,0.00,0.02318840,0.54000000,0.09314655,1.63000000,79.3324574979043,0.11633495,79.38566586790431,2.17000000,5,8,-0.38414958,2.17000000,-0.38%/5min,2.17%/8min,0.02$/0.54%,0.09$/1.63%,0.12$/2.17%,2025-08-13 21:15:31,2025-08-13 21:15:40,2025-08-13 21:24:11,2.758439919975253,2.75843991997525,1.868544,-0.289595,2.34978300,-2.08355,0.913789963761785,0.913102943685649,EXIT_REASON_BY_TAKE,false,15m,300.0,3.5,100.0,0.1,0.8,0.8,0.8,10.0,1.0,5.0,5.0,5.0,1.5,-5.0,0.0,0.5,0.0,2.0,1.5,2.0,false,true,true,true,true,true,true,true,true,true,false,false,true,true,
14,2beb985d-31ff-481b-bdca-a7deee52c43e,13,CLOSED,ARC-USDT-SWAP,,CFX-USDT-SWAP,ARC-USDT-SWAP/CFX-USDT-SWAP,0.02338,0.02375,0.21144,0.21044,0.0,0.0,0.0,0.0,5.088414648591523,6.712226659949169,2.5558777159988163E-84,4.023920405362462E-78,0.949804325058525,0.9919343285821892,0.8484115813928863,0.8316743728927598,0.0,0.0,0.0,0.0,0.0,0.0,1.62,0.36021980,7.20000000,0.07263630,1.45000000,79.3856658679043,0.43285610,79.54791166790432,8.65000000,3,10,-1.040794,8.65000000,-1.04%/3min,8.65%/10min,0.36$/7.20%,0.07$/1.45%,0.43$/8.65%,2025-08-13 22:36:39,2025-08-13 22:39:18,2025-08-13 22:50:14,6.71222665994917,5.08841464859152,8.091828,0.247828,2.43258400,-5.839416,0.849421663008622,0.821517694134071,EXIT_REASON_BY_TAKE,false,15m,300.0,3.5,100.0,0.1,0.8,0.8,0.8,10.0,1.0,5.0,5.0,5.0,5.0,-5.0,0.0,0.5,0.0,2.0,1.5,2.0,false,true,true,true,true,true,true,true,true,false,false,false,false,true,
15,9ebd320a-b7f3-48f4-ac9f-5e6b4b1d035b,34,CLOSED,SUSHI-USDT-SWAP,,TRUMP-USDT-SWAP,SUSHI-USDT-SWAP/TRUMP-USDT-SWAP,0.9432,0.9468,9.977,10.193,0.0,0.0,0.0,0.0,4.151493856040429,5.115077154879945,5.553702654437925E-226,7.180477630857084E-196,0.026587730406061043,0.9607518617547173,0.9841672078741803,0.9746659195188468,0.0,0.0,0.0,0.0,0.0,0.0,0.96,0.08395800,2.10000000,-0.66633300,-11.11000000,79.4271452679043,-0.58237500,79.13836756790431,-9.01000000,36,1,-9.01000000,0.260691,-9.01%/36min,0.26%/1min,0.08$/2.10%,-0.67$/-11.11%,-0.58$/-9.01%,2025-08-13 22:36:39,2025-08-13 22:39:51,2025-08-13 23:16:11,5.41091420814881,4.15149385604043,4.71009,-0.01491,0.199425,-11.11000000,0.98416720787418,0.9746659195188468,EXIT_REASON_BY_STOP,false,15m,300.0,3.5,100.0,0.1,0.8,0.8,0.8,10.0,1.0,5.0,5.0,5.0,5.0,-5.0,0.0,0.5,0.0,2.0,1.5,2.0,false,true,true,true,true,true,true,true,true,false,false,false,false,true,
18,d4cd0ab5-d1d3-4242-8ea4-7bef811f404e,46,CLOSED,AR-USDT-SWAP,,MEME-USDT-SWAP,AR-USDT-SWAP/MEME-USDT-SWAP,8.411,8.324,0.00199,0.002016,0.0,0.0,0.0,0.0,3.6950289891314516,2.156727967322479,1.2976831186196245E-222,1.8090961152529438E-217,0.11622745109980448,0.03963857495801783,0.9833140964601945,0.9819209228925434,0.0,0.0,0.0,0.0,0.0,0.0,-1.54,-0.30784600,-5.13000000,-0.26763375,-6.69000000,79.1437778679043,-0.57547975,78.51715961790431,-11.82000000,42,20,-11.82000000,2.9466928,-11.82%/42min,2.95%/20min,-0.31$/-5.13%,-0.27$/-6.69%,-0.58$/-11.82%,2025-08-14 00:00:31,2025-08-14 00:00:40,2025-08-14 00:43:11,3.69502898913145,2.156727967322479,1.995321,-5.13000000,5.49875,-6.75125,0.983739567160383,0.97546430832456,EXIT_REASON_BY_STOP,false,15m,300.0,3.0,100.0,0.1,0.8,0.8,0.9,10.0,1.0,5.0,5.0,5.0,5.0,-5.0,0.0,0.5,0.0,2.0,1.5,2.0,true,true,true,true,true,true,true,true,true,false,false,false,false,true,
19,4d13f875-9714-4f39-8e86-09706c69e33a,160,CLOSED,INJ-USDT-SWAP,,MEME-USDT-SWAP,INJ-USDT-SWAP/MEME-USDT-SWAP,16.263,15.782,0.002012,0.001984,0.0,0.0,0.0,0.0,4.242742658366028,2.42766825426296,1.3036289222102475E-224,1.3158355878650092E-219,0.07319580924080804,0.10643214710527837,0.9838255411007006,0.9825137216919942,0.0,0.0,0.0,0.0,0.0,0.0,-1.82,-0.88515720,-14.75000000,0.26743365,6.69000000,78.5447596179043,-0.61772355,78.0944438679043,-8.06000000,156,79,-8.06000000,1.667961,-8.06%/156min,1.67%/79min,-0.89$/-14.75%,0.27$/6.69%,-0.62$/-8.06%,2025-08-14 00:45:31,2025-08-14 00:45:40,2025-08-14 03:22:11,4.57375604948788,0.77225047439655,0.693945,-14.75000000,20.543985,-5.443515,0.984036436629105,0.979400526112847,EXIT_REASON_BY_STOP,false,15m,300.0,3.0,100.0,0.1,0.8,0.8,0.9,10.0,1.0,5.0,5.0,5.0,5.0,-5.0,0.0,0.5,0.0,2.0,1.5,2.0,true,true,true,true,true,true,true,true,true,false,false,false,false,true,
21,a2729f5c-d53f-44de-b90a-a21bdbc46a27,65,CLOSED,APE-USDT-SWAP,,BERA-USDT-SWAP,APE-USDT-SWAP/BERA-USDT-SWAP,0.6490669491525424,0.6422,2.156,2.097,0.0,0.0,0.0,0.0,3.680748203306816,2.1829453941091566,9.428703337025273E-135,4.7614425192336956E-135,0.6013578890173559,0.48038200015318633,0.9334844625375728,0.9337993913654963,0.0,0.0,0.0,0.0,0.0,0.0,-1.50,-0.24820736,-5.40000000,0.68390448,12.66000000,78.1164438679043,0.43569712,78.52940314673175,7.26000000,1,61,-0.8968651,7.26000000,-0.90%/1min,7.26%/61min,-0.25$/-5.40%,0.68$/12.66%,0.44$/7.26%,2025-08-14 03:31:00,2025-08-14 03:31:21,2025-08-14 04:33:11,3.68074820330682,2.10552877861342,1.275619,-5.931128,13.833995,-1.370833,0.935230072855622,0.932887348346384,EXIT_REASON_BY_TAKE,false,15m,300.0,3.0,100.0,0.1,0.8,0.8,0.9,10.0,1.0,5.0,5.0,5.0,5.0,-5.0,0.0,0.5,0.0,2.0,1.5,2.0,true,true,true,true,true,true,true,true,true,false,false,false,false,true,
16,ffd2fef9-3563-4f52-8fe5-8951f78a85f5,423,CLOSED,ANIME-USDT-SWAP,,SUI-USDT-SWAP,ANIME-USDT-SWAP/SUI-USDT-SWAP,0.01906,0.0183,4.1517,3.9272,0.0,0.0,0.0,0.0,3.0137800083321946,-1.0010355310853738,1.516104476808398E-157,1.7816012501455425E-151,0.9683934033629915,0.20512858479894008,0.9537099436395817,0.9490373231400892,0.0,0.0,0.0,0.0,0.0,0.0,-4.01,-0.82666155,-19.68000000,1.33687848,23.05000000,79.1383675679043,0.51021693,78.69674444673177,3.37000000,28,421,-1.1491349,5.34275622,-1.15%/28min,5.34%/421min,-0.83$/-19.68%,1.34$/23.05%,0.51$/3.37%,2025-08-13 23:53:03,2025-08-13 23:53:13,2025-08-14 06:55:11,3.01378000833219,-1.0010355310853738,3.130548,-23.371215,24.618391,-1.574912,0.954317330161681,0.942826880230086,EXIT_REASON_BY_TAKE,false,15m,300.0,3.0,100.0,0.1,0.8,0.8,0.9,10.0,1.0,5.0,5.0,5.0,5.0,-5.0,0.0,0.5,0.0,2.0,1.5,2.0,true,true,true,true,true,true,true,true,true,false,false,false,false,true,
57,e859f1a7-4a52-4e9c-a175-55b4806937d1,5,CLOSED,ARKM-USDT-SWAP,,BERA-USDT-SWAP,ARKM-USDT-SWAP/BERA-USDT-SWAP,0.5923,0.5924,2.221,2.265,0.0,0.0,0.0,0.0,3.831028513887376,3.831028513887376,1.1115946047463864E-133,7.441692010189334E-131,0.6087196387608003,0.6087196387608003,0.9323341997574642,0.9292007084904803,0.0,0.0,0.0,0.0,0.0,0.0,0.00,-0.00349825,-0.08000000,-0.54627300,-9.42000000,78.6967444467318,-0.54977125,78.09736969673176,-9.50000000,1,1,-9.50000000,0.2830174,-9.50%/1min,0.28%/1min,0.00$/-0.08%,-0.55$/-9.42%,-0.55$/-9.50%,2025-08-14 07:15:33,2025-08-14 07:15:43,2025-08-14 07:17:11,3.83102851388738,3.831028513887376,0.413458,-0.08000000,0.248905,-9.61316400,0.932334199757464,0.9292007084904803,EXIT_REASON_BY_STOP,false,15m,300.0,3.0,100.0,0.1,0.8,0.8,0.9,10.0,1.0,5.0,5.0,5.0,5.0,-5.0,0.0,0.5,0.0,2.0,1.5,2.0,true,true,true,true,true,true,true,true,true,false,false,false,false,true,
59,1acd490f-f0dc-4a18-88b4-8582776a1c79,29,CLOSED,AXS-USDT-SWAP,,BERA-USDT-SWAP,AXS-USDT-SWAP/BERA-USDT-SWAP,2.57,2.556,2.272,2.314,0.0,0.0,0.0,0.0,4.44563148962436,4.92396400289676,1.2662838792990466E-132,4.216295199101765E-115,0.9622283740716039,0.9970782468153911,0.9311797325304253,0.90873089820153,0.0,0.0,0.0,0.0,0.0,0.0,0.48,-0.13123435,-2.52000000,-0.44122050,-9.19000000,78.0973696967318,-0.57245485,77.47510184673176,-11.71000000,25,9,-11.71000000,3.23306496,-11.71%/25min,3.23%/9min,-0.13$/-2.52%,-0.44$/-9.19%,-0.57$/-11.71%,2025-08-14 07:20:33,2025-08-14 07:20:43,2025-08-14 07:46:11,4.92396400289676,4.29361899087138,0.055356,-2.52000000,8.77975,-9.19000000,0.936150860122301,0.90873089820153,EXIT_REASON_BY_STOP,false,15m,300.0,3.0,100.0,0.1,0.8,0.8,0.9,10.0,1.0,5.0,5.0,5.0,5.0,-5.0,0.0,0.5,0.0,2.0,1.5,2.0,true,true,true,true,true,true,true,true,true,false,false,false,false,true,
66,319f667e-5cdf-46a5-b292-3b3bce482747,8,CLOSED,AEVO-USDT-SWAP,,BERA-USDT-SWAP,AEVO-USDT-SWAP/BERA-USDT-SWAP,0.10544,0.10527,2.317,2.368,0.0,0.0,0.0,0.0,5.013355758225936,5.013355758225936,2.540710910314318E-111,1.5621173363754882E-107,0.9979642558748669,0.9979642558748669,0.902950846400463,0.8967682980997636,0.0,0.0,0.0,0.0,0.0,0.0,0.00,-0.03772113,-0.80000000,-0.56528250,-10.67000000,77.4751018467318,-0.60300363,76.82250843673177,-11.47000000,5,1,-11.47000000,0.31654874,-11.47%/5min,0.32%/1min,-0.04$/-0.80%,-0.57$/-10.67%,-0.60$/-11.47%,2025-08-14 07:50:33,2025-08-14 07:50:43,2025-08-14 07:55:44,5.01335575822594,5.013355758225936,0.343486,-0.80000000,0.460208,-10.67000000,0.903592882676804,0.8967682980997636,EXIT_REASON_BY_STOP,false,15m,300.0,3.0,100.0,0.1,0.8,0.8,0.9,10.0,1.0,5.0,5.0,5.0,5.0,-5.0,0.0,0.5,0.0,2.0,1.5,2.0,true,true,true,true,true,true,true,true,true,false,false,false,false,true,
