id,uuid,version,status,errorDescription,longTicker,shortTicker,pairName,longTickerEntryPrice,longTickerCurrentPrice,shortTickerEntryPrice,shortTickerCurrentPrice,meanEntry,meanCurrent,spreadEntry,spreadCurrent,zScoreEntry,zScoreCurrent,pValueEntry,pValueCurrent,adfPvalueEntry,adfPvalueCurrent,correlationEntry,correlationCurrent,alphaEntry,alphaCurrent,betaEntry,betaCurrent,stdEntry,stdCurrent,zScoreChanges,longUSDTChanges,longPercentChanges,shortUSDTChanges,shortPercentChanges,portfolioBeforeTradeUSDT,profitUSDTChanges,portfolioAfterTradeUSDT,profitPercentChanges,minutesToMinProfitPercent,minutesToMaxProfitPercent,minProfitPercentChanges,maxProfitPercentChanges,formattedTimeToMinProfit,formattedTimeToMaxProfit,formattedProfitLong,formattedProfitShort,formattedProfitCommon,timestamp,entryTime,updatedTime,maxZ,minZ,maxLong,minLong,maxShort,minShort,maxCorr,minCorr,exitReason,closeAtBreakeven,settingsTimeframe,settingsCandleLimit,settingsMinZ,settingsMinWindowSize,settingsMinPValue,settingsMaxAdfValue,settingsMinRSquared,settingsMinCorrelation,settingsMinVolume,settingsCheckInterval,settingsMaxLongMarginSize,settingsMaxShortMarginSize,settingsLeverage,settingsExitTake,settingsExitStop,settingsExitZMin,settingsExitZMax,settingsExitZMaxPercent,settingsExitTimeMinutes,settingsExitBreakEvenPercent,settingsUsePairs,settingsAutoTradingEnabled,settingsUseMinZFilter,settingsUseMinRSquaredFilter,settingsUseMinPValueFilter,settingsUseMaxAdfValueFilter,settingsUseMinCorrelationFilter,settingsUseMinVolumeFilter,settingsUseExitTake,settingsUseExitStop,settingsUseExitZMin,settingsUseExitZMax,settingsUseExitZMaxPercent,settingsUseExitTimeHours,settingsUseExitBreakEvenPercent,settingsMinimumLotBlacklist,useZScoreScoring,zScoreScoringWeight,usePixelSpreadScoring,pixelSpreadScoringWeight,useCointegrationScoring,cointegrationScoringWeight,useModelQualityScoring,modelQualityScoringWeight,useStatisticsScoring,statisticsScoringWeight,useBonusScoring,bonusScoringWeight,settingsUseExitNegativeZMinProfitPercent,settingsExitNegativeZMinProfitPercent
3,65f20d99-735a-4f7d-87e1-25559da0e7c8,28,CLOSED,,EIGEN-USDT-SWAP,OP-USDT-SWAP,EIGEN-USDT-SWAP/OP-USDT-SWAP,1.4267,1.4284,0.7762,0.7716,0.0,0.0,0.0,0.0,3.077815300857869,0.9483025360305931,1.3160077030435634E-200,2.564295201073908E-201,0.08713990668149424,0.17327770341323906,0.9764754414834707,0.9767352647636545,0.0,0.0,0.0,0.0,0.0,0.0,-2.13,0.03448275,0.75000000,0.12586290,2.33000000,73.757793620471,0.16034565,73.87034797047096,3.08000000,2,25,0.03395652,3.08000000,0.03%/2min,3.08%/25min,0.03$/0.75%,0.13$/2.33%,0.16$/3.08%,2025-08-17 11:07:23,2025-08-17 11:07:33,2025-08-17 11:33:12,3.07781530085787,0.948302536030593,0.78696200,-4.691299,5.470285,-0.38527,0.9767352647636545,0.967561140758266,EXIT_REASON_BY_TAKE,false,5m,300.0,3.0,100.0,0.1,0.1,0.8,0.8,10.0,1.0,5.0,5.0,5.0,2.0,-5.0,0.0,0.5,0.0,60.0,1.0,2.0,false,true,true,true,true,true,true,true,false,false,false,false,false,true,LINK-USDT-SWAP,true,5.0,false,5.0,true,5.0,true,5.0,true,5.0,true,5.0,true,1.0
5,7702a68e-bc51-46ba-9d6a-95c727c344c6,6,CLOSED,,BIO-USDT-SWAP,SLP-USDT-SWAP,BIO-USDT-SWAP/SLP-USDT-SWAP,0.10744,0.10862,0.001935,0.001937,0.0,0.0,0.0,0.0,4.660282950683598,3.9877574143736014,4.8900937860186723E-88,3.0403736388242958E-89,0.2597492838879917,0.2611901480186986,0.8575719388777492,0.8604130555353453,0.0,0.0,0.0,0.0,0.0,0.0,-0.67,0.28289848,5.66000000,-0.01291645,-0.26000000,73.870347970471,0.26998203,74.09042306547096,5.40000000,3,4,-0.435265,5.40000000,-0.44%/3min,5.40%/4min,0.28$/5.66%,-0.01$/-0.26%,0.27$/5.40%,2025-08-17 13:14:43,2025-08-17 13:14:55,2025-08-17 13:19:12,4.6602829506836,3.9877574143736,5.72446100,-0.446739,0.766209,-1.815791,0.8604130555353453,0.857571938877749,EXIT_REASON_BY_TAKE,false,5m,300.0,3.0,100.0,0.1,0.1,0.8,0.8,10.0,1.0,5.0,5.0,5.0,2.0,-5.0,0.0,0.5,0.0,60.0,1.0,2.0,true,true,true,true,true,true,true,true,false,false,false,false,false,true,LINK-USDT-SWAP,true,5.0,false,5.0,true,5.0,true,5.0,true,5.0,true,5.0,true,1.0
8,43beda83-9a1e-410e-8781-112787fdeab6,4,CLOSED,,ACT-USDT-SWAP,SLP-USDT-SWAP,ACT-USDT-SWAP/SLP-USDT-SWAP,0.04198,0.04191,0.001931,0.001889,0.0,0.0,0.0,0.0,3.3353276018097784,3.3353276018097784,2.615203506369708E-131,2.0266508651028192E-130,0.1835885025143595,0.1835885025143595,0.9297143272461028,0.9287049856475317,0.0,0.0,0.0,0.0,0.0,0.0,0.00,-0.03568215,-0.71000000,0.44052016,8.81000000,74.090423065471,0.40483801,74.44527651547095,8.10000000,1,1,-0.107077,8.10000000,-0.11%/1min,8.10%/1min,-0.04$/-0.71%,0.44$/8.81%,0.40$/8.10%,2025-08-17 13:20:32,2025-08-17 13:20:44,2025-08-17 13:22:12,3.33532760180978,3.3353276018097784,0.011781,-0.71000000,11.12806500,0.250065,0.929714327246103,0.9287049856475317,EXIT_REASON_BY_TAKE,false,5m,300.0,3.0,100.0,0.1,0.1,0.8,0.8,10.0,1.0,5.0,5.0,5.0,2.0,-5.0,0.0,0.5,0.0,60.0,1.0,2.0,true,true,true,true,true,true,true,true,false,false,false,false,false,true,LINK-USDT-SWAP,true,5.0,false,5.0,true,5.0,true,5.0,true,5.0,true,5.0,true,1.0
9,7a4b7ed9-1ff6-4614-bf00-5fd01897ac22,6,CLOSED,,BIO-USDT-SWAP,SLP-USDT-SWAP,BIO-USDT-SWAP/SLP-USDT-SWAP,0.12243,0.12127,0.001994,0.001951,0.0,0.0,0.0,0.0,3.286907252395557,3.286907252395557,4.3592184713097896E-97,7.412679841057518E-95,0.00913778909502628,0.00913778909502628,0.8774535980093514,0.8728482858763039,0.0,0.0,0.0,0.0,0.0,0.0,0.00,-0.22521733,-4.50000000,0.55159566,11.03000000,74.445276515471,0.32637833,74.72181673047096,6.53000000,1,2,-1.1956095,6.53000000,-1.20%/1min,6.53%/2min,-0.23$/-4.50%,0.55$/11.03%,0.33$/6.53%,2025-08-17 15:00:30,2025-08-17 15:00:41,2025-08-17 15:03:12,3.28690725239556,3.286907252395557,1.791333,-4.50000000,11.03000000,-0.251352,0.877453598009351,0.8728482858763039,EXIT_REASON_BY_TAKE,false,5m,300.0,3.0,100.0,0.1,0.1,0.8,0.8,10.0,1.0,5.0,5.0,5.0,2.0,-5.0,0.0,0.5,0.0,60.0,1.0,2.0,true,true,true,true,true,true,true,true,false,false,false,false,false,true,LINK-USDT-SWAP,true,5.0,false,5.0,true,5.0,true,5.0,true,5.0,true,5.0,true,1.0
11,9273f956-d157-43e9-a678-4fea6774c858,14,CLOSED,,AI16Z-USDT-SWAP,FARTCOIN-USDT-SWAP,AI16Z-USDT-SWAP/FARTCOIN-USDT-SWAP,0.1291,0.1293,0.9981,0.9924,0.0,0.0,0.0,0.0,3.8361071871914554,2.819148277104175,1.065736023118836E-131,1.801525857694693E-130,5.828438806040477E-4,0.0014652215950058983,0.9301521300672357,0.9287634348398967,0.0,0.0,0.0,0.0,0.0,0.0,-1.02,0.05787105,1.16000000,0.14007000,2.80000000,74.630114680471,0.19794105,74.79108693047095,3.96000000,1,10,-0.100656,3.96000000,-0.10%/1min,3.96%/10min,0.06$/1.16%,0.14$/2.80%,0.20$/3.96%,2025-08-17 18:50:27,2025-08-17 18:50:38,2025-08-17 19:01:15,3.83610718719146,2.819148277104175,1.16000000,-0.908837,3.09952500,-0.450475,0.930352408198249,0.92813528835297,EXIT_REASON_BY_TAKE,false,5m,300.0,3.0,100.0,0.1,0.1,0.8,0.8,10.0,1.0,5.0,5.0,5.0,2.0,-5.0,0.0,0.5,0.0,60.0,1.0,2.0,true,true,true,true,true,true,true,true,false,false,false,false,false,true,LINK-USDT-SWAP,true,5.0,false,5.0,true,5.0,true,5.0,true,5.0,true,5.0,true,1.0
12,f27a53bd-35c2-4ad6-b3bb-55cd35fe543c,11,CLOSED,,ACT-USDT-SWAP,FARTCOIN-USDT-SWAP,ACT-USDT-SWAP/FARTCOIN-USDT-SWAP,0.04159,0.04153,0.9895,0.9805,0.0,0.0,0.0,0.0,3.070578839549103,2.376786572469254,2.1737209280938514E-111,5.2729183553758E-111,0.24899713750006836,0.17180629945459014,0.903057774874332,0.9024487335730862,0.0,0.0,0.0,0.0,0.0,0.0,-0.69,-0.04797600,-0.96000000,0.25012500,5.00000000,74.822186930471,0.20214900,75.00274443047095,4.04000000,1,7,0.0384575,4.04000000,0.04%/1min,4.04%/7min,-0.05$/-0.96%,0.25$/5.00%,0.20$/4.04%,2025-08-17 19:10:27,2025-08-17 19:10:37,2025-08-17 19:18:15,3.0705788395491,1.90434526304677,0.12954,-0.96000000,5.00000000,-0.052625,0.90333047165357,0.89010961506012,EXIT_REASON_BY_TAKE,false,5m,300.0,3.0,100.0,0.1,0.1,0.8,0.8,10.0,1.0,5.0,5.0,5.0,2.0,-5.0,0.0,0.5,0.0,60.0,1.0,2.0,true,true,true,true,true,true,true,true,false,false,false,false,false,true,LINK-USDT-SWAP,true,5.0,false,5.0,true,5.0,true,5.0,true,5.0,true,5.0,true,1.0
13,58a31759-6983-4f39-abc7-81a87245e585,109,CLOSED,,EIGEN-USDT-SWAP,STRK-USDT-SWAP,EIGEN-USDT-SWAP/STRK-USDT-SWAP,1.3788,1.3524,0.1397,0.1361,0.0,0.0,0.0,0.0,3.372786037582697,-3.3062510897583337,3.7676693901000937E-150,3.7743682611789076E-144,5.055504684303086E-5,0.06605116385994542,0.9479543192490196,0.9427460950841351,0.0,0.0,0.0,0.0,0.0,0.0,-6.68,-0.49375300,-9.14000000,0.55787880,12.13000000,74.913893000471,0.06412580,74.31811080047095,2.99000000,70,105,-0.77846018,2.99000000,-0.78%/70min,2.99%/105min,-0.49$/-9.14%,0.56$/12.13%,0.06$/2.99%,2025-08-17 20:25:27,2025-08-17 20:25:36,2025-08-17 22:11:14,3.3727860375827,-3.45113345903005,2.529604,-11.333359,15.222943,-1.177057,0.948068241447079,0.928962606779007,EXIT_REASON_BY_NEGATIVE_Z_MIN_PROFIT,false,5m,300.0,3.0,100.0,0.1,0.1,0.8,0.8,10.0,1.0,5.0,5.0,5.0,2.0,-5.0,0.0,0.5,0.0,60.0,1.0,2.0,true,true,true,true,true,true,true,true,false,false,false,false,false,true,LINK-USDT-SWAP,true,5.0,false,5.0,true,5.0,true,5.0,true,5.0,true,5.0,true,1.0
14,86646b86-9b7a-4f27-ad6b-bc62fc542705,14,CLOSED,,AI16Z-USDT-SWAP,FARTCOIN-USDT-SWAP,AI16Z-USDT-SWAP/FARTCOIN-USDT-SWAP,0.123,0.1221,0.9344285714285715,0.9162,0.0,0.0,0.0,0.0,3.0163452263030366,1.3029342965496586,5.4191815197500035E-111,1.5679542506104597E-112,0.06217851785217219,0.008768647504662164,0.9024298644725758,0.9048413455203826,0.0,0.0,0.0,0.0,0.0,0.0,-1.71,-0.17181405,-3.66000000,0.54147060,10.22000000,74.135010800471,0.36965655,74.39181035047096,6.56000000,1,10,-0.25571494,6.56000000,-0.26%/1min,6.56%/10min,-0.17$/-3.66%,0.54$/10.22%,0.37$/6.56%,2025-08-17 22:15:28,2025-08-17 22:15:37,2025-08-17 22:26:16,3.01634522630304,1.3029342965496586,-0.56284,-3.66000000,10.22000000,0.156264,0.9048413455203826,0.891358346059884,EXIT_REASON_BY_TAKE,false,5m,300.0,3.0,100.0,0.1,0.1,0.8,0.8,10.0,1.0,5.0,5.0,5.0,2.0,-5.0,0.0,0.5,0.0,60.0,1.0,2.0,true,true,true,true,true,true,true,true,false,false,false,false,false,true,LINK-USDT-SWAP,true,5.0,false,5.0,true,5.0,true,5.0,true,5.0,true,5.0,true,1.0
15,78e5031f-ba63-4662-aa46-7b0df54f4d9c,8,CLOSED,,GMT-USDT-SWAP,MAGIC-USDT-SWAP,GMT-USDT-SWAP/MAGIC-USDT-SWAP,0.04214,0.04206,0.2391042452830191,0.23694,0.0,0.0,0.0,0.0,3.567731595761002,3.567731595761002,1.9065550127340505E-138,6.819932380089411E-142,0.021247569054828122,0.021247569054828122,0.9372973357566176,0.9406508456960841,0.0,0.0,0.0,0.0,0.0,0.0,0.00,-0.04645676,-0.95000000,0.25073531,4.92000000,74.781310350471,0.20427855,74.91216050547098,3.97000000,1,4,-0.04785773,3.97000000,-0.05%/1min,3.97%/4min,-0.05$/-0.95%,0.25$/4.92%,0.20$/3.97%,2025-08-17 23:25:28,2025-08-17 23:25:38,2025-08-17 23:30:15,3.567731595761002,3.567731595761,0.486973,-0.95000000,4.92000000,0.007893,0.9406508456960841,0.937297335756618,EXIT_REASON_BY_TAKE,false,5m,300.0,3.0,100.0,0.1,0.1,0.8,0.8,10.0,1.0,5.0,5.0,5.0,2.0,-5.0,0.0,0.5,0.0,60.0,1.0,2.0,true,true,true,true,true,true,true,true,false,false,false,false,false,true,LINK-USDT-SWAP,true,5.0,false,5.0,true,5.0,true,5.0,true,5.0,true,5.0,true,1.0
16,5ada5c18-7c30-4049-9279-13f0959d89b5,62,CLOSED,,FIL-USDT-SWAP,PI-USDT-SWAP,FIL-USDT-SWAP/PI-USDT-SWAP,2.456,2.485,0.3748,0.3765,0.0,0.0,0.0,0.0,3.687376872536317,0.5085736728269898,2.0884162308926952E-117,8.125347159108744E-134,0.16519470979029832,0.12121103460892607,0.9120768582757084,0.9324814458694592,0.0,0.0,0.0,0.0,0.0,0.0,-3.18,0.29275355,5.86000000,-0.12422256,-2.48000000,75.080860505471,0.16853099,75.44464514547099,3.38000000,38,56,-0.1858865,3.38000000,-0.19%/38min,3.38%/56min,0.29$/5.86%,-0.12$/-2.48%,0.17$/3.38%,2025-08-17 23:40:29,2025-08-17 23:40:39,2025-08-18 00:37:15,3.68737687253632,0.5085736728269898,6.10605600,-0.155944,0.536171,-3.159829,0.933168657766857,0.911750054131728,EXIT_REASON_BY_TAKE,false,5m,300.0,3.0,100.0,0.1,0.1,0.8,0.8,10.0,1.0,5.0,5.0,5.0,2.0,-5.0,0.0,0.5,0.0,60.0,1.0,2.0,true,true,true,true,true,true,true,true,false,false,false,false,false,true,LINK-USDT-SWAP,true,5.0,false,5.0,true,5.0,true,5.0,true,5.0,true,5.0,true,1.0
17,b1208156-28d9-4ab1-8f65-b06198d70b58,279,CLOSED,,OL-USDT-SWAP,PENGU-USDT-SWAP,OL-USDT-SWAP/PENGU-USDT-SWAP,0.03635,0.03556,0.032213,0.031173,0.0,0.0,0.0,0.0,3.3696050656001866,-0.6590414957732059,2.37798301716243E-108,1.292044902621826E-137,0.48637934458028004,0.49032513686117035,0.898136715023382,0.9364598003781868,0.0,0.0,0.0,0.0,0.0,0.0,-4.03,-0.55295832,-11.06000000,0.62465994,12.49000000,75.287345145471,0.07170162,73.24885825547099,1.43000000,112,44,-5.333771,1.984229,-5.33%/112min,1.98%/44min,-0.55$/-11.06%,0.62$/12.49%,0.07$/1.43%,2025-08-18 00:55:31,2025-08-18 00:55:40,2025-08-18 05:32:15,4.16663845152257,-0.733148122061165,4.46318,-12.041494,12.69224300,-5.362722,0.936556369931055,0.893501934370925,EXIT_REASON_BY_NEGATIVE_Z_MIN_PROFIT,false,5m,300.0,3.0,100.0,0.1,0.1,0.8,0.8,10.0,1.0,5.0,5.0,5.0,2.0,-5.0,0.0,0.5,0.0,60.0,1.0,2.0,true,true,true,true,true,true,true,true,false,false,false,false,false,true,LINK-USDT-SWAP,true,5.0,false,5.0,true,5.0,true,5.0,true,5.0,true,5.0,true,1.0
18,d35f5e8e-e51f-4d7a-89d7-7371f48eb6d8,151,CLOSED,,LDO-USDT-SWAP,NMR-USDT-SWAP,LDO-USDT-SWAP/NMR-USDT-SWAP,1.2947,1.2842,8.626,8.604,0.0,0.0,0.0,0.0,3.112617510805095,0.40955517897365223,6.111390026531391E-118,5.061654694257187E-137,0.5055573519092902,0.4620771891275581,0.9128329874905426,0.9358550727242426,0.0,0.0,0.0,0.0,0.0,0.0,-2.70,-0.14832580,-3.71000000,0.07917993,1.32000000,73.163058255471,-0.06914587,72.8097126774479,-2.39000000,70,1,-2.4987288,0.2972708,-2.50%/70min,0.30%/1min,-0.15$/-3.71%,0.08$/1.32%,-0.07$/-2.39%,2025-08-18 05:35:33,2025-08-18 05:35:42,2025-08-18 08:04:15,3.32773136340076,0.332182452349893,3.376573,-5.583428,2.696751,-4.96893,0.941236106237045,0.912460367347066,EXIT_REASON_BY_Z_MIN,false,5m,300.0,3.0,100.0,0.1,0.1,0.8,0.8,10.0,1.0,5.0,5.0,5.0,2.0,-5.0,0.5,0.5,0.0,60.0,1.0,2.0,true,true,true,true,true,true,true,false,false,true,false,false,false,true,LINK-USDT-SWAP,true,5.0,false,5.0,true,5.0,true,5.0,true,5.0,true,5.0,false,1.0
19,3a2b5b03-1a79-4d12-9a96-e2709f28a647,42,CLOSED,,OP-USDT-SWAP,WIF-USDT-SWAP,OP-USDT-SWAP/WIF-USDT-SWAP,0.7254,0.7341,0.874,0.8781,0.0,0.0,0.0,0.0,3.308135668343992,0.24810724084561137,6.543861728730686E-197,7.555503594789523E-222,0.005775685066135295,0.0035461255835911687,0.9750750450861912,0.9831139593413355,0.0,0.0,0.0,0.0,0.0,0.0,-3.06,0.26546720,5.53000000,-0.10445220,-2.01000000,72.8477126774479,0.16101500,73.19536887744789,3.52000000,1,39,0.05979408,3.52000000,0.06%/1min,3.52%/39min,0.27$/5.53%,-0.10$/-2.01%,0.16$/3.52%,2025-08-18 08:05:33,2025-08-18 08:05:44,2025-08-18 08:45:15,3.30813566834399,0.24810724084561137,6.2418,0.0418,0.35525,-3.548596,0.9831139593413355,0.971094562824714,EXIT_REASON_BY_Z_MIN,false,5m,300.0,3.0,100.0,0.1,0.1,0.8,0.8,10.0,1.0,5.0,5.0,5.0,2.0,-5.0,0.5,0.5,0.0,60.0,1.0,2.0,true,true,true,true,true,true,true,false,false,true,false,false,false,true,LINK-USDT-SWAP,true,5.0,false,5.0,true,5.0,true,5.0,true,5.0,true,5.0,false,1.0
20,82ff383d-06a7-42c8-84f7-a5bb33d44ff4,58,CLOSED,,APE-USDT-SWAP,DYDX-USDT-SWAP,APE-USDT-SWAP/DYDX-USDT-SWAP,0.6104,0.6118,0.6466,0.6466,0.0,0.0,0.0,0.0,3.107067732707432,0.3455177376384338,7.604441839214801E-273,1.3957134585671979E-264,0.3235896534439199,0.2079487326588898,0.9923568496455685,0.9913112239301615,0.0,0.0,0.0,0.0,0.0,0.0,-2.76,0.06412792,1.31000000,-0.01560780,-0.31000000,73.1991688774479,0.04852012,73.4137945574479,1.00000000,8,54,-0.5628277,1.00000000,-0.56%/8min,1.00%/54min,0.06$/1.31%,-0.02$/-0.31%,0.05$/1.00%,2025-08-18 08:45:52,2025-08-18 08:46:01,2025-08-18 09:40:52,4.21056901266084,0.3455177376384338,3.359562,-0.323091,0.782524,-3.041006,0.99238881781277,0.98809395481463,EXIT_REASON_BY_Z_MIN,false,5m,300.0,3.5,100.0,0.1,0.1,0.8,0.8,10.0,1.0,5.0,5.0,5.0,2.0,-5.0,0.5,0.5,0.0,60.0,1.0,3.0,true,true,true,true,true,true,true,false,false,true,false,false,false,true,LINK-USDT-SWAP,true,5.0,false,5.0,true,5.0,true,5.0,true,5.0,true,5.0,false,1.0
10,75214c26-5511-4da3-80a7-d9086cbe8cb5,903,CLOSED,,RVN-USDT-SWAP,VINE-USDT-SWAP,RVN-USDT-SWAP/VINE-USDT-SWAP,0.01427,0.01365,0.06482,0.06692,0.0,0.0,0.0,0.0,2.761339618274137,-0.023022032761775155,6.25357769361908E-93,8.204025389913527E-27,0.6636491327360357,0.5075644197104966,0.8687214545748836,-0.5660418894398093,0.0,0.0,0.0,0.0,0.0,0.0,-2.78,-1.10679275,-22.14000000,-0.77869100,-15.57000000,74.721816730471,-1.88548375,73.7180523574479,-37.71000000,900,75,-37.71000000,0.810506,-37.71%/900min,0.81%/75min,-1.11$/-22.14%,-0.78$/-15.57%,-1.89$/-37.71%,2025-08-17 18:45:29,2025-08-17 18:45:39,2025-08-18 09:45:51,3.6441737005781,-4.29325036324407,-0.100275,-32.047155,17.370742,-35.383676,0.879739878128699,-0.567755889599503,EXIT_REASON_BY_Z_MIN,false,5m,300.0,3.5,100.0,0.1,0.1,0.8,0.8,10.0,1.0,5.0,5.0,5.0,2.0,-5.0,0.5,0.5,0.0,60.0,1.0,3.0,true,true,true,true,true,true,true,false,false,true,false,false,false,true,LINK-USDT-SWAP,true,5.0,false,5.0,true,5.0,true,5.0,true,5.0,true,5.0,false,1.0
21,5d8657a7-a7a4-40f3-8f45-3d72ce7d99d8,110,CLOSED,,AR-USDT-SWAP,YGG-USDT-SWAP,AR-USDT-SWAP/YGG-USDT-SWAP,7.04,7.023,0.1557,0.1549,0.0,0.0,0.0,0.0,3.8430462140663018,0.3536629434774806,4.439223775204503E-295,5.059477806672539E-285,0.1093268606763233,0.5021749009702238,0.9945853107179067,0.9936720203221913,0.0,0.0,0.0,0.0,0.0,0.0,-3.49,-0.07136430,-1.19000000,0.08964480,2.24000000,73.7180523574479,0.01828050,73.6868352574479,1.05000000,4,108,-1.456512,1.185488,-1.46%/4min,1.19%/108min,-0.07$/-1.19%,0.09$/2.24%,0.02$/1.05%,2025-08-18 09:55:36,2025-08-18 09:55:46,2025-08-18 11:45:51,4.73984318557423,0.3536629434774806,1.7164,-5.2836,6.96912,-1.03088,0.994590928751779,0.9936720203221913,EXIT_REASON_BY_Z_MIN,false,5m,300.0,3.5,100.0,0.1,0.1,0.8,0.8,10.0,1.0,5.0,5.0,5.0,2.0,-5.0,0.5,0.5,0.0,60.0,1.0,3.0,true,true,true,true,true,true,true,false,false,true,false,false,false,true,"LINK-USDT-SWAP,ETH-USDT-SWAP",true,5.0,false,5.0,true,5.0,true,5.0,true,5.0,true,5.0,false,1.0
26,60d1226f-e783-4128-8d13-b6f0c5daba79,156,CLOSED,,ARB-USDT-SWAP,PRCL-USDT-SWAP,ARB-USDT-SWAP/PRCL-USDT-SWAP,0.5162125,0.519,0.0845761245674741,0.08432,0.0,0.0,0.0,0.0,3.745926776772064,0.47450235022108256,9.082658383414207E-138,4.0283794044351276E-95,0.685178372222037,0.5599338617438699,0.9366149284193437,0.8734047036690362,0.0,0.0,0.0,0.0,0.0,0.0,-3.27,0.13853070,2.72000000,0.05958978,1.22000000,73.4382375023884,0.19812048,73.6072049323884,3.94000000,113,169,-3.36679638,3.94000000,-3.37%/113min,3.94%/169min,0.14$/2.72%,0.06$/1.22%,0.20$/3.94%,2025-08-18 12:05:31,2025-08-18 12:05:41,2025-08-18 14:55:16,3.74592677677206,0.47450235022108256,7.195865,-6.921782,9.309413,-3.489158,0.937167130066794,0.8734047036690362,EXIT_REASON_BY_Z_MIN,false,5m,300.0,3.5,100.0,0.1,0.1,0.8,0.8,10.0,1.0,5.0,5.0,5.0,2.0,-5.0,0.5,0.5,0.0,60.0,1.0,3.0,true,true,true,true,true,true,true,false,false,true,false,false,false,true,"LINK-USDT-SWAP,ETH-USDT-SWAP",true,5.0,false,5.0,true,5.0,true,5.0,true,5.0,true,5.0,false,1.0
27,6106e801-fc0e-4f2e-8dd2-20b2d0c9a1ea,111,CLOSED,,TREE-USDT-SWAP,TRUMP-USDT-SWAP,TREE-USDT-SWAP/TRUMP-USDT-SWAP,0.3528,0.3562,9.063,9.062,0.0,0.0,0.0,0.0,3.7564747451184313,-0.01722823849175631,6.44839586216112E-182,2.463211113433412E-171,0.08243622672483625,0.13066425061878206,0.9684719291880068,0.9627640977809764,0.0,0.0,0.0,0.0,0.0,0.0,-3.77,0.18470760,4.62000000,0E-8,0E-8,73.4654471523884,0.18470760,73.8393801823884,4.62000000,11,125,-0.0256768,4.62000000,-0.03%/11min,4.62%/125min,0.18$/4.62%,0.00$/0.00%,0.18$/4.62%,2025-08-18 13:20:33,2025-08-18 13:20:43,2025-08-18 15:25:51,3.75647474511843,-0.01722823849175631,7.10696,0.10696,0.744233,-3.380768,0.968594589851716,0.952113559486309,EXIT_REASON_BY_Z_MIN,false,5m,300.0,3.5,100.0,0.1,0.1,0.8,0.8,10.0,1.0,5.0,5.0,5.0,2.0,-5.0,0.5,0.5,0.0,60.0,1.0,3.0,true,true,true,true,true,true,true,false,false,true,false,false,false,true,"LINK-USDT-SWAP,ETH-USDT-SWAP",true,5.0,false,5.0,true,5.0,true,5.0,true,5.0,true,5.0,false,1.0
25,317fa076-8873-42dd-92df-260ba4240ad7,346,CLOSED,,DYDX-USDT-SWAP,SUI-USDT-SWAP,DYDX-USDT-SWAP/SUI-USDT-SWAP,0.6403966666666667,0.6475,3.5966,3.643,0.0,0.0,0.0,0.0,3.8437321449835213,-0.38770908418059047,8.341124103971761E-187,9.279157627466047E-142,0.8631649190105608,0.029979452084287424,0.9707999131017819,0.9405242420413188,0.0,0.0,0.0,0.0,0.0,0.0,-4.23,0.21606899,5.40000000,-0.38637485,-6.44000000,73.6868352574479,-0.17030586,73.7524873823884,-1.04000000,358,58,-2.6321304,0.3078696,-2.63%/358min,0.31%/58min,0.22$/5.40%,-0.39$/-6.44%,-0.17$/-1.04%,2025-08-18 11:55:37,2025-08-18 11:55:48,2025-08-18 18:00:44,4.75511687563499,-0.38770908418059047,5.719575,-3.505425,2.150066,-6.863268,0.970814840264939,0.9405242420413188,EXIT_REASON_BY_Z_MIN,false,5m,300.0,3.5,100.0,0.1,0.1,0.8,0.8,10.0,1.0,5.0,5.0,5.0,2.0,-5.0,0.5,0.5,0.0,60.0,1.0,3.0,true,true,true,true,true,true,true,false,false,true,false,false,false,true,"LINK-USDT-SWAP,ETH-USDT-SWAP",true,5.0,false,5.0,true,5.0,true,5.0,true,5.0,true,5.0,false,1.0
29,f8ae495a-b9bf-47af-b42e-4d713ef10ae7,87,CLOSED,,INJ-USDT-SWAP,W-USDT-SWAP,INJ-USDT-SWAP/W-USDT-SWAP,14.55,14.168,0.0809186234817814,0.07948,0.0,0.0,0.0,0.0,3.670349679270576,0.39158316041235175,3.8967584404513417E-116,3.931142574161378E-93,0.9438325801036689,0.16772781929636482,0.9102483704820565,0.8691601015220826,0.0,0.0,0.0,0.0,0.0,0.0,-3.28,-0.76841560,-12.81000000,0.35798891,8.95000000,73.7487628823884,-0.41042669,73.23825376238841,-3.86000000,83,8,-3.9223654,0.9220342,-3.92%/83min,0.92%/8min,-0.77$/-12.81%,0.36$/8.95%,-0.41$/-3.86%,2025-08-18 18:20:30,2025-08-18 18:20:40,2025-08-18 19:45:15,3.67034967927058,0.39158316041235175,1.375833,-12.81000000,9.380336,-0.376164,0.910332886889523,0.8691601015220826,EXIT_REASON_BY_Z_MIN,false,5m,300.0,3.5,100.0,0.1,0.1,0.8,0.8,10.0,1.0,5.0,5.0,5.0,2.0,-5.0,0.5,0.5,0.0,60.0,1.0,3.0,true,true,true,true,true,true,true,false,false,true,false,false,false,true,"LINK-USDT-SWAP,ETH-USDT-SWAP",true,5.0,false,5.0,true,5.0,true,5.0,true,5.0,true,5.0,false,1.0
28,dd08d205-c6b8-43e9-a587-ccca9c7c4806,146,CLOSED,,EIGEN-USDT-SWAP,FIL-USDT-SWAP,EIGEN-USDT-SWAP/FIL-USDT-SWAP,1.3554,1.3191,2.502,2.452,0.0,0.0,0.0,0.0,3.6874591244494055,0.1761994475505555,2.110759257035985E-204,7.64976574153636E-145,0.3654529103514813,0.40719271379561073,0.9778303265099185,0.943374203042346,0.0,0.0,0.0,0.0,0.0,0.0,-3.51,-0.49904942,-12.17000000,0.57610411,9.76000000,73.7524873823884,0.07705469,73.13102721086577,-2.41000000,144,140,-2.41000000,1.51643356,-2.41%/144min,1.52%/140min,-0.50$/-12.17%,0.58$/9.76%,0.08$/-2.41%,2025-08-18 18:05:32,2025-08-18 18:05:43,2025-08-18 20:30:11,3.68745912444941,0.1761994475505555,3.509459,-12.18563000,10.800918,-1.338361,0.977846884972292,0.943374203042346,EXIT_REASON_BY_Z_MIN,false,5m,300.0,3.5,100.0,0.1,0.1,0.8,0.8,10.0,1.0,5.0,5.0,5.0,2.0,-5.0,0.5,0.5,0.0,60.0,1.0,3.0,true,true,true,true,true,true,true,false,false,true,false,false,false,true,"LINK-USDT-SWAP,ETH-USDT-SWAP",true,5.0,false,5.0,true,5.0,true,5.0,true,5.0,true,5.0,false,1.0
31,7ba7c0e2-4797-4f63-a495-014f36dca5de,23,CLOSED,,ARC-USDT-SWAP,TRUMP-USDT-SWAP,ARC-USDT-SWAP/TRUMP-USDT-SWAP,0.02004,0.01996,9.086,8.988,0.0,0.0,0.0,0.0,3.5592854638911695,-0.019762014955991003,1.0697098982227763E-146,3.5874840549393267E-138,0.8668420984297256,0.21657808106026544,0.9450198073948428,0.9370219157235562,0.0,0.0,0.0,0.0,0.0,0.0,-3.58,-0.07916040,-1.98000000,0.28394190,4.73000000,73.1034775608658,0.20478150,72.99299701086578,2.75000000,1,20,0.150117,2.75000000,0.15%/1min,2.75%/20min,-0.08$/-1.98%,0.28$/4.73%,0.20$/2.75%,2025-08-18 20:10:30,2025-08-18 20:10:40,2025-08-18 20:31:15,3.55928546389117,-0.019762014955991003,1.980495,-2.227005,5.63986500,0.249865,0.945791010282921,0.922129091713494,EXIT_REASON_BY_Z_MIN,false,5m,300.0,3.5,100.0,0.1,0.1,0.8,0.8,10.0,1.0,5.0,5.0,5.0,2.0,-5.0,0.5,0.5,0.0,60.0,1.0,3.0,true,true,true,true,true,true,true,false,false,true,false,false,false,true,"LINK-USDT-SWAP,ETH-USDT-SWAP",true,5.0,false,5.0,true,5.0,true,5.0,true,5.0,true,5.0,false,1.0
32,2ef1d230-3974-41fc-8d00-9540f0b11d80,46,CLOSED,,SCR-USDT-SWAP,STRK-USDT-SWAP,SCR-USDT-SWAP/STRK-USDT-SWAP,0.3719,0.3642,0.1356,0.1334,0.0,0.0,0.0,0.0,3.5512391192291926,0.4338798176579199,1.935566377038382E-105,8.6993042041588635E-75,0.22968887622515594,0.03573362662415433,0.8931750741595337,0.8218285681005509,0.0,0.0,0.0,0.0,0.0,0.0,-3.12,-0.52113930,-10.42000000,0.38659320,7.73000000,73.0799470108658,-0.13454610,72.67311041086576,-2.69000000,44,14,-2.69000000,0.559479,-2.69%/44min,0.56%/14min,-0.52$/-10.42%,0.39$/7.73%,-0.13$/-2.69%,2025-08-18 21:05:32,2025-08-18 21:05:42,2025-08-18 21:50:15,3.55123911922919,0.4338798176579199,0.377454,-10.42000000,8.345504,-0.854496,0.89403363215716,0.8218285681005509,EXIT_REASON_BY_Z_MIN,false,5m,300.0,3.5,100.0,0.1,0.1,0.8,0.8,10.0,1.0,5.0,5.0,5.0,2.0,-5.0,0.5,0.5,0.0,60.0,1.0,3.0,true,true,true,true,true,true,true,false,false,true,false,false,false,true,"LINK-USDT-SWAP,ETH-USDT-SWAP",true,5.0,false,5.0,true,5.0,true,5.0,true,5.0,true,5.0,false,1.0
33,c60dfe65-a563-48d0-9d2b-545e6c9a5fa9,51,CLOSED,,GALA-USDT-SWAP,LUNA-USDT-SWAP,GALA-USDT-SWAP/LUNA-USDT-SWAP,0.01678,0.01659,0.155,0.1536,0.0,0.0,0.0,0.0,3.880309092496588,0.28913073135612377,7.453374699900662E-141,9.961131558178467E-94,0.8496357020557559,0.0732736194742384,0.9396602488102925,0.8704480616397581,0.0,0.0,0.0,0.0,0.0,0.0,-3.59,-0.28105940,-5.62000000,0.20940465,4.19000000,72.9774491108658,-0.07165475,72.82818646086577,-1.43000000,49,1,-1.43000000,-0.047053,-1.43%/49min,-0.05%/1min,-0.28$/-5.62%,0.21$/4.19%,-0.07$/-1.43%,2025-08-18 21:10:30,2025-08-18 21:10:39,2025-08-18 22:00:15,3.88030909249659,0.28913073135612377,-0.343656,-6.855656,5.40155,0.24955,0.939938879425841,0.8704480616397581,EXIT_REASON_BY_Z_MIN,false,5m,300.0,3.5,100.0,0.1,0.1,0.8,0.8,10.0,1.0,5.0,5.0,5.0,2.0,-5.0,0.5,0.5,0.0,60.0,1.0,3.0,true,true,true,true,true,true,true,false,false,true,false,false,false,true,"LINK-USDT-SWAP,ETH-USDT-SWAP",true,5.0,false,5.0,true,5.0,true,5.0,true,5.0,true,5.0,false,1.0
30,eace87f3-a16c-49c0-8a7f-d2ceac08a0f2,203,CLOSED,,MOODENG-USDT-SWAP,SLP-USDT-SWAP,MOODENG-USDT-SWAP/SLP-USDT-SWAP,0.15449,0.15185,0.001843,0.001831,0.0,0.0,0.0,0.0,4.1497090752471895,0.35887909109154414,7.892546587912607E-157,7.02413274178038E-83,0.6196483198564473,0.38760450017423176,0.9531820808005181,0.8446949656743253,0.0,0.0,0.0,0.0,0.0,0.0,-3.79,-0.41597302,-8.32000000,0.12560175,2.51000000,73.5195894323884,-0.29037127,72.82371471086577,-5.81000000,205,22,-5.81000000,1.4904555,-5.81%/205min,1.49%/22min,-0.42$/-8.32%,0.13$/2.51%,-0.29$/-5.81%,2025-08-18 18:40:30,2025-08-18 18:40:39,2025-08-18 22:05:43,4.14970907524719,0.35887909109154414,0.855184,-11.852468,4.529478,-7.936522,0.953182080800518,0.8446949656743253,EXIT_REASON_BY_Z_MIN,false,5m,300.0,3.5,100.0,0.1,0.1,0.8,0.8,10.0,1.0,5.0,5.0,5.0,2.0,-5.0,0.5,0.5,0.0,60.0,1.0,3.0,true,true,true,true,true,true,true,false,false,true,false,false,false,true,"LINK-USDT-SWAP,ETH-USDT-SWAP",true,5.0,false,5.0,true,5.0,true,5.0,true,5.0,true,5.0,false,1.0
34,a0b24969-1155-496e-ae2a-1279f14700a8,67,CLOSED,,SAHARA-USDT-SWAP,SWARMS-USDT-SWAP,SAHARA-USDT-SWAP/SWARMS-USDT-SWAP,0.08968,0.08912,0.01979,0.01959,0.0,0.0,0.0,0.0,3.7186037198525814,0.3904951422602958,1.5981264975868231E-68,9.758406894346348E-40,0.7418254270348151,0.2879138457119183,0.8015411932217494,0.665469795710634,0.0,0.0,0.0,0.0,0.0,0.0,-3.33,-0.15112440,-3.02000000,0.22691340,4.54000000,72.7435104108658,0.07578900,72.80061529086576,1.52000000,34,65,-0.969255,1.52000000,-0.97%/34min,1.52%/65min,-0.15$/-3.02%,0.23$/4.54%,0.08$/1.52%,2025-08-18 21:55:31,2025-08-18 21:55:40,2025-08-18 23:01:11,3.71860371985258,0.3904951422602958,2.402136,-3.02000000,5.28935400,-3.026646,0.80182767724267,0.622845619733218,EXIT_REASON_BY_Z_MIN,false,5m,300.0,3.5,100.0,0.1,0.1,0.8,0.8,10.0,1.0,5.0,5.0,5.0,2.0,-5.0,0.5,0.5,0.0,60.0,1.0,3.0,true,true,true,true,true,true,true,false,false,true,false,false,false,true,"LINK-USDT-SWAP,ETH-USDT-SWAP",true,5.0,false,5.0,true,5.0,true,5.0,true,5.0,true,5.0,false,1.0
36,1bd5263e-a610-427e-bbd7-9372bc887623,46,CLOSED,,AXS-USDT-SWAP,W-USDT-SWAP,AXS-USDT-SWAP/W-USDT-SWAP,2.295,2.28,0.07968,0.0789,0.0,0.0,0.0,0.0,3.6645518055443307,-1.2642532945163925,6.13750851504396E-125,1.1223408969916937E-78,0.6235066633667063,0.014475480196290922,0.9221415505144422,0.8332521945437625,0.0,0.0,0.0,0.0,0.0,0.0,-4.93,-0.17391300,-3.22000000,0.22475232,4.89000000,72.7603657108658,0.05083932,72.74018316086575,1.67000000,26,44,-0.14175048,1.67000000,-0.14%/26min,1.67%/44min,-0.17$/-3.22%,0.22$/4.89%,0.05$/1.67%,2025-08-18 22:40:30,2025-08-18 22:40:40,2025-08-18 23:25:15,3.66455180554433,-1.2642532945163925,0.67613,-4.049796,5.69639,-0.314045,0.922240286557455,0.8332521945437625,EXIT_REASON_BY_Z_MIN,false,5m,300.0,3.5,100.0,0.1,0.1,0.8,0.8,10.0,1.0,5.0,5.0,5.0,2.0,-5.0,0.5,0.5,0.0,60.0,1.0,3.0,true,true,true,true,true,true,true,false,false,true,false,false,false,true,"LINK-USDT-SWAP,ETH-USDT-SWAP",true,5.0,false,5.0,true,5.0,true,5.0,true,5.0,true,5.0,false,1.0
35,a89d911c-69a1-43b5-846d-79afa7336944,91,CLOSED,,GMT-USDT-SWAP,NOT-USDT-SWAP,GMT-USDT-SWAP/NOT-USDT-SWAP,0.04245,0.04222,0.001878,0.001863,0.0,0.0,0.0,0.0,3.5636735181143693,0.18296360097565917,8.676742610345053E-111,1.6455023062618665E-100,0.7791708333172342,0.18058905610783266,0.9021046459690157,0.8841765929271883,0.0,0.0,0.0,0.0,0.0,0.0,-3.38,-0.14670661,-2.93000000,0.17298645,3.46000000,72.7589147108658,0.02627984,72.65521880086575,0.53000000,37,88,-0.19271,1.02249,-0.19%/37min,1.02%/88min,-0.15$/-2.93%,0.17$/3.46%,0.03$/0.53%,2025-08-18 22:10:31,2025-08-18 22:10:40,2025-08-18 23:41:11,3.56367351811437,0.18296360097565917,2.601606,-2.93000000,4.771774,-1.612226,0.902273004928282,0.833617657252126,EXIT_REASON_BY_Z_MIN,false,5m,300.0,3.5,100.0,0.1,0.1,0.8,0.8,10.0,1.0,5.0,5.0,5.0,2.0,-5.0,0.5,0.5,0.0,60.0,1.0,3.0,true,true,true,true,true,true,true,false,false,true,false,false,false,true,"LINK-USDT-SWAP,ETH-USDT-SWAP",true,5.0,false,5.0,true,5.0,true,5.0,true,5.0,true,5.0,false,1.0
37,e79a855c-8e6f-446b-85f3-74b529f66290,32,CLOSED,,APE-USDT-SWAP,RVN-USDT-SWAP,APE-USDT-SWAP/RVN-USDT-SWAP,0.5989,0.5919,0.01358,0.01342,0.0,0.0,0.0,0.0,3.5081913149501447,-0.1166469502541397,1.8674807489436714E-86,2.697106154380841E-81,0.5508569000850018,0.014256740030502119,0.8537506193000729,0.8404870962635729,0.0,0.0,0.0,0.0,0.0,0.0,-3.62,-0.29063461,-5.59000000,0.24652320,5.14000000,72.8212352908658,-0.04411141,72.37405131086577,-0.45000000,11,1,-0.83313484,0.2084652,-0.83%/11min,0.21%/1min,-0.29$/-5.59%,0.25$/5.14%,-0.04$/-0.45%,2025-08-18 23:20:30,2025-08-18 23:20:40,2025-08-18 23:51:11,3.50819131495014,-0.1166469502541397,-0.000459,-7.762382,7.948967,0.248967,0.855284368474825,0.80547358336581,EXIT_REASON_BY_Z_MIN,false,5m,300.0,3.5,100.0,0.1,0.1,0.8,0.8,10.0,1.0,5.0,5.0,5.0,2.0,-5.0,0.5,0.5,0.0,60.0,1.0,3.0,true,true,true,true,true,true,true,false,false,true,false,false,false,true,"LINK-USDT-SWAP,ETH-USDT-SWAP",true,5.0,false,5.0,true,5.0,true,5.0,true,5.0,true,5.0,false,1.0
38,c544ef4a-d363-4075-8cff-ad895db1348f,37,CLOSED,,LUNA-USDT-SWAP,OL-USDT-SWAP,LUNA-USDT-SWAP/OL-USDT-SWAP,0.1523,0.1501,0.03649,0.03596,0.0,0.0,0.0,0.0,3.525973009414289,0.10997271522905079,8.318821015282574E-98,3.040172761684091E-72,0.023182898481182136,0.006052217685051532,0.8789003289129393,0.8138867577222424,0.0,0.0,0.0,0.0,0.0,0.0,-3.42,-0.36061960,-7.21000000,0.36738360,7.35000000,72.7599631608658,0.00676400,72.33938040134865,0.14000000,13,34,-2.103048,0.352952,-2.10%/13min,0.35%/34min,-0.36$/-7.21%,0.37$/7.35%,0.01$/0.14%,2025-08-18 23:35:30,2025-08-18 23:35:38,2025-08-19 00:11:11,4.30410668360804,0.10997271522905079,0.249772,-8.606228,9.224132,-0.431868,0.878900328912939,0.8138867577222424,EXIT_REASON_BY_Z_MIN,false,5m,300.0,3.5,100.0,0.1,0.1,0.8,0.8,10.0,1.0,5.0,5.0,5.0,2.0,-5.0,0.5,0.5,0.0,60.0,1.0,3.0,true,true,true,true,true,true,true,false,false,true,false,false,false,true,"LINK-USDT-SWAP,ETH-USDT-SWAP",true,5.0,false,5.0,true,5.0,true,5.0,true,5.0,true,5.0,false,1.0
40,85278d40-ab31-4cf1-bbd0-ba941653c826,89,CLOSED,,APE-USDT-SWAP,TIA-USDT-SWAP,APE-USDT-SWAP/TIA-USDT-SWAP,0.5869,0.5941,1.701,1.719,0.0,0.0,0.0,0.0,4.080422608151611,0.04332190762023301,1.2257996957373124E-123,3.1457649986697564E-124,0.547907685047731,0.10403736961839988,0.9204938496514061,0.9212467508734196,0.0,0.0,0.0,0.0,0.0,0.0,-4.04,0.28385800,6.04000000,-0.27013500,-5.10000000,72.4655071013486,0.01372300,71.80559710134865,0.94000000,10,89,-3.30504526,0.94000000,-3.31%/10min,0.94%/89min,0.28$/6.04%,-0.27$/-5.10%,0.01$/0.94%,2025-08-19 00:05:30,2025-08-19 00:05:39,2025-08-19 01:35:15,5.31047725662216,0.04332190762023301,7.568894,-8.260894,3.353915,-8.249858,0.922929548529749,0.869643984930385,EXIT_REASON_BY_Z_MIN,false,5m,300.0,3.5,100.0,0.1,0.1,0.8,0.8,10.0,1.0,5.0,5.0,5.0,2.0,-5.0,0.5,0.5,0.0,60.0,1.0,3.0,true,true,true,true,true,true,true,true,false,true,false,false,false,true,"LINK-USDT-SWAP,ETH-USDT-SWAP",true,5.0,false,5.0,true,5.0,true,5.0,true,5.0,true,5.0,false,1.0
39,03b27050-2036-4426-bcea-c4e4889dae79,137,CLOSED,,LAUNCHCOIN-USDT-SWAP,LPT-USDT-SWAP,LAUNCHCOIN-USDT-SWAP/LPT-USDT-SWAP,0.04862,0.04734,6.2176875,6.21,0.0,0.0,0.0,0.0,4.288089358581207,0.7579562157885523,7.706683588321546E-87,5.193990012748391E-104,0.013430498515930018,0.24800826851043767,0.8546893115899936,0.8906463118554725,0.0,0.0,0.0,0.0,0.0,0.0,-3.53,-0.51552685,-12.89000000,0.02565254,0.43000000,72.5883388008658,-0.48987431,71.88817745134865,-12.46000000,136,1,-12.46000000,0.4718954,-12.46%/136min,0.47%/1min,-0.52$/-12.89%,0.03$/0.43%,-0.49$/-12.46%,2025-08-18 23:45:37,2025-08-18 23:45:46,2025-08-19 02:02:11,4.28808935858121,0.757956215788552,1.684178,-17.3604,4.756022,-2.603978,0.8906463118554725,0.809617006614689,EXIT_REASON_BY_Z_MIN,false,5m,300.0,3.5,100.0,0.1,0.1,0.8,0.8,10.0,1.0,5.0,5.0,5.0,2.0,-5.0,1.0,0.5,0.0,60.0,1.0,3.0,true,true,true,true,true,true,true,true,false,true,false,false,false,true,"LINK-USDT-SWAP,ETH-USDT-SWAP",true,5.0,false,5.0,true,5.0,true,5.0,true,5.0,true,5.0,false,1.0
41,88d3131b-8335-41a9-9b29-18bb87d4c1c2,112,CLOSED,,AXS-USDT-SWAP,FARTCOIN-USDT-SWAP,AXS-USDT-SWAP/FARTCOIN-USDT-SWAP,2.268,2.256,0.9122,0.9043,0.0,0.0,0.0,0.0,4.3302143080895545,0.827324967558102,1.494123016153121E-88,3.4917680452611715E-58,0.5692748786338365,0.5621734193655317,0.858792245177211,0.7620138891584736,0.0,0.0,0.0,0.0,0.0,0.0,-3.50,-0.11994000,-2.61000000,0.22691340,4.20000000,72.1436804013486,0.10697340,72.18224005134864,1.59000000,48,110,-2.42689194,1.59000000,-2.43%/48min,1.59%/110min,-0.12$/-2.61%,0.23$/4.20%,0.11$/1.59%,2025-08-19 01:05:31,2025-08-19 01:05:40,2025-08-19 02:55:42,4.33021430808955,0.827324967558102,0.898696,-3.231739,4.33279300,-4.482022,0.859839958923067,0.7355099421603,EXIT_REASON_BY_Z_MIN,false,5m,300.0,3.5,100.0,0.1,0.1,0.8,0.8,10.0,1.0,5.0,5.0,5.0,2.0,-5.0,1.0,0.5,0.0,60.0,1.0,3.0,true,true,true,true,true,true,true,true,false,true,false,false,false,true,"LINK-USDT-SWAP,ETH-USDT-SWAP",true,5.0,false,5.0,true,5.0,true,5.0,true,5.0,true,5.0,false,1.0
42,d4fbaa1b-d566-4244-a7de-c9ffc2015d13,56,CLOSED,,BABY-USDT-SWAP,SAHARA-USDT-SWAP,BABY-USDT-SWAP/SAHARA-USDT-SWAP,0.0522,0.05224,0.08778,0.08744,0.0,0.0,0.0,0.0,3.529791210942539,0.27685162202448704,1.1413889424432086E-103,1.9279899841814628E-92,0.46106638512424536,0.2213309514333779,0.8900317050355298,0.8676509684558887,0.0,0.0,0.0,0.0,0.0,0.0,-3.25,0.02696155,0.54000000,0.09087456,1.82000000,72.1822400513486,0.11783611,72.0370900914107,2.36000000,41,54,-1.469438,2.36000000,-1.47%/41min,2.36%/54min,0.03$/0.54%,0.09$/1.82%,0.12$/2.36%,2025-08-19 03:10:31,2025-08-19 03:10:41,2025-08-19 04:05:11,3.52979121094254,0.27685162202448704,1.630853,-2.48066,2.17437900,-1.602216,0.894584591533353,0.851142004657318,EXIT_REASON_BY_Z_MIN,false,5m,300.0,3.5,100.0,0.1,0.1,0.8,0.8,10.0,1.0,5.0,5.0,5.0,2.0,-5.0,1.0,0.5,0.0,60.0,1.0,3.0,true,true,true,true,true,true,true,true,false,true,false,false,false,true,"LINK-USDT-SWAP,ETH-USDT-SWAP",true,5.0,false,5.0,true,5.0,true,5.0,true,5.0,true,5.0,false,1.0
43,97fea0e6-7af3-4314-8736-e475ec5e1c83,75,CLOSED,,RVN-USDT-SWAP,W-USDT-SWAP,RVN-USDT-SWAP/W-USDT-SWAP,0.01335,0.01336,0.07801,0.07802,0.0,0.0,0.0,0.0,3.6664395556135823,0.10207498626732658,7.874819600006084E-179,3.052760529426947E-146,0.12908064747501635,0.31585542711354486,0.9669055523738519,0.9446202733166664,0.0,0.0,0.0,0.0,0.0,0.0,-3.56,0.01609830,0.32000000,-0.00352850,-0.07000000,72.0593838513486,0.01256980,71.94928109141071,0.25000000,35,22,-0.297222,0.748971,-0.30%/35min,0.75%/22min,0.02$/0.32%,0.00$/-0.07%,0.01$/0.25%,2025-08-19 03:30:31,2025-08-19 03:30:41,2025-08-19 04:45:12,3.66643955561358,0.10207498626732658,2.430462,-1.661538,2.227094,-2.636906,0.970158861251809,0.942282256187034,EXIT_REASON_BY_Z_MIN,false,5m,300.0,3.5,100.0,0.1,0.1,0.8,0.8,10.0,1.0,5.0,5.0,5.0,2.0,-5.0,1.0,0.5,0.0,60.0,1.0,3.0,true,true,true,true,true,true,true,true,false,true,false,false,false,true,"LINK-USDT-SWAP,ETH-USDT-SWAP",true,5.0,false,5.0,true,5.0,true,5.0,true,5.0,true,5.0,false,1.0
46,0828b2da-4b7c-4bba-a6f9-6cb7eadf3d81,21,CLOSED,,EIGEN-USDT-SWAP,STRK-USDT-SWAP,EIGEN-USDT-SWAP/STRK-USDT-SWAP,1.29064,1.3097,0.1328,0.1339,0.0,0.0,0.0,0.0,4.028762267112161,3.674131777395579,3.505822285106179E-162,1.5313382947304849E-152,0.567132491596464,0.93745234682477,0.9569812938776324,0.9498914374236996,0.0,0.0,0.0,0.0,0.0,0.0,-0.35,0.37681150,7.25000000,-0.21610800,-4.50000000,71.8656810914107,0.16070350,71.9301677914107,2.75000000,6,18,-0.21941604,2.75000000,-0.22%/6min,2.75%/18min,0.38$/7.25%,-0.22$/-4.50%,0.16$/2.75%,2025-08-19 04:50:39,2025-08-19 04:50:48,2025-08-19 05:09:18,4.38745881786322,2.49460091690339,7.57896900,0.309738,0.249,-4.626,0.956981293877632,0.929479388399984,EXIT_REASON_BY_TAKE,false,5m,300.0,3.5,100.0,0.1,0.1,0.8,0.8,10.0,1.0,5.0,5.0,5.0,2.0,-5.0,1.0,0.5,0.0,60.0,1.0,3.0,true,true,true,true,true,true,true,true,false,true,false,false,false,true,"LINK-USDT-SWAP,ETH-USDT-SWAP",true,5.0,false,5.0,true,5.0,true,5.0,true,5.0,true,5.0,false,1.0
47,d44c4da3-3411-468a-a71a-e06bc9c7ee5c,17,CLOSED,,INJ-USDT-SWAP,VIRTUAL-USDT-SWAP,INJ-USDT-SWAP/VIRTUAL-USDT-SWAP,13.867,13.885,1.2283,1.2206,0.0,0.0,0.0,0.0,5.146842694282284,3.0083809190623456,7.800390546576415E-89,1.119268934622555E-82,0.9150248973942052,0.3825291515323219,0.8594563545641865,0.8441644122004344,0.0,0.0,0.0,0.0,0.0,0.0,-2.14,0.02978510,0.58000000,0.12926460,2.64000000,71.9035677914107,0.15904970,72.1171191914107,3.22000000,2,14,-0.38250843,3.22000000,-0.38%/2min,3.22%/14min,0.03$/0.58%,0.13$/2.64%,0.16$/3.22%,2025-08-19 05:10:36,2025-08-19 05:10:46,2025-08-19 05:25:18,5.14684269428228,3.0083809190623456,1.621182,-1.449406,3.417732,-0.227166,0.859456354564186,0.8441644122004344,EXIT_REASON_BY_TAKE,false,5m,300.0,3.5,100.0,0.1,0.1,0.8,0.8,10.0,1.0,5.0,5.0,5.0,2.0,-5.0,1.0,0.5,0.0,60.0,1.0,3.0,true,true,true,true,true,true,true,true,false,true,false,false,false,true,"LINK-USDT-SWAP,ETH-USDT-SWAP",true,5.0,false,5.0,true,5.0,true,5.0,true,5.0,true,5.0,false,1.0
45,5a8b4e51-576e-4147-8e28-e66750d9ec36,90,CLOSED,,SAHARA-USDT-SWAP,SUSHI-USDT-SWAP,SAHARA-USDT-SWAP/SUSHI-USDT-SWAP,0.08723,0.0886,0.7683,0.7779,0.0,0.0,0.0,0.0,3.7986306594163177,0.773781342225878,5.649056057375619E-124,1.404840200778455E-122,0.31771418353343284,0.4607191257823704,0.9209235993498237,0.9191248910526749,0.0,0.0,0.0,0.0,0.0,0.0,-3.02,0.35342320,7.52000000,-0.33336660,-6.29000000,71.9848900914107,0.02005660,72.2695103114107,1.23000000,57,89,-1.10199002,1.23000000,-1.10%/57min,1.23%/89min,0.35$/7.52%,-0.33$/-6.29%,0.02$/1.23%,2025-08-19 04:10:31,2025-08-19 04:10:40,2025-08-19 05:40:15,4.69465639900576,0.773781342225878,8.428509,-2.74596,2.235115,-7.195074,0.92096919891407,0.89233112057886,EXIT_REASON_BY_Z_MIN,false,5m,300.0,3.5,100.0,0.1,0.1,0.8,0.8,10.0,1.0,5.0,5.0,5.0,2.0,-5.0,1.0,0.5,0.0,60.0,1.0,3.0,true,true,true,true,true,true,true,true,false,true,false,false,false,true,"LINK-USDT-SWAP,ETH-USDT-SWAP",true,5.0,false,5.0,true,5.0,true,5.0,true,5.0,true,5.0,false,1.0
49,d51cfcce-52bf-483c-875d-f3ac19bf3cab,57,CLOSED,,ARB-USDT-SWAP,INJ-USDT-SWAP,ARB-USDT-SWAP/INJ-USDT-SWAP,0.4931,0.5011,13.943,14.083,0.0,0.0,0.0,0.0,3.54119318181466,0.47050947862373144,2.1313886877336803E-152,2.925054082535361E-155,0.04625860295398059,0.21577777877840326,0.9497772212349165,0.9520045486988646,0.0,0.0,0.0,0.0,0.0,0.0,-3.07,0.32783600,8.20000000,-0.30615300,-5.10000000,71.9226903114107,0.02168300,72.0656233114107,3.10000000,48,54,-2.8819502,3.10000000,-2.88%/48min,3.10%/54min,0.33$/8.20%,-0.31$/-5.10%,0.02$/3.10%,2025-08-19 06:00:31,2025-08-19 06:00:41,2025-08-19 06:55:18,3.82874685713697,0.47050947862373144,9.84655,-0.25345,0.765717,-9.834283,0.9520045486988646,0.941425272784278,EXIT_REASON_BY_Z_MIN,false,5m,300.0,3.5,100.0,0.1,0.1,0.8,0.8,10.0,1.0,5.0,5.0,5.0,2.0,-5.0,1.0,0.5,0.0,60.0,1.0,3.0,true,true,true,true,true,true,true,true,false,true,false,false,false,true,"LINK-USDT-SWAP,ETH-USDT-SWAP",true,5.0,false,5.0,true,5.0,true,5.0,true,5.0,true,5.0,false,1.0
48,dea93c5d-77dc-485c-8fff-d4f51e2e5eac,135,CLOSED,,POL-USDT-SWAP,SLP-USDT-SWAP,POL-USDT-SWAP/SLP-USDT-SWAP,0.2543,0.2507,0.001848,0.001835,0.0,0.0,0.0,0.0,3.676980440014333,0.8313843938960759,1.6438863965794435E-70,7.861225158303237E-40,0.5269962702094761,0.5058003524846197,0.8082479093232295,0.6660739471458649,0.0,0.0,0.0,0.0,0.0,0.0,-2.85,-0.28785600,-5.76000000,0.16232112,3.25000000,72.1619191914107,-0.12553488,71.8310884014107,-2.51000000,134,82,-2.51000000,1.799445,-2.51%/134min,1.80%/82min,-0.29$/-5.76%,0.16$/3.25%,-0.13$/-2.51%,2025-08-19 05:30:33,2025-08-19 05:30:42,2025-08-19 07:45:15,3.79022920551973,0.8313843938960759,0.36344,-5.76000000,4.30585,-1.64295,0.808950418591811,0.6660739471458649,EXIT_REASON_BY_Z_MIN,false,5m,300.0,3.5,100.0,0.1,0.1,0.8,0.8,10.0,1.0,5.0,5.0,5.0,2.0,-5.0,1.0,0.5,0.0,60.0,1.0,3.0,true,true,true,true,true,true,true,true,false,true,false,false,false,true,"LINK-USDT-SWAP,ETH-USDT-SWAP",true,5.0,false,5.0,true,5.0,true,5.0,true,5.0,true,5.0,false,1.0
51,c310197e-2c9f-4035-b5df-2588e7a7d836,14,CLOSED,,SSV-USDT-SWAP,SUI-USDT-SWAP,SSV-USDT-SWAP/SUI-USDT-SWAP,8.679,8.68,3.6366,3.6084,0.0,0.0,0.0,0.0,5.067422132189786,2.4976510568203034,1.851680402162878E-107,5.041574917024243E-109,0.43876891433677967,0.05459140399931887,0.8966437213981716,0.8992498855316193,0.0,0.0,0.0,0.0,0.0,0.0,-2.57,-0.00189905,-0.05000000,0.23691840,3.95000000,71.7992342173809,0.23501935,72.03719906738093,3.90000000,1,11,0.3202724,3.90000000,0.32%/1min,3.90%/11min,0.00$/-0.05%,0.24$/3.95%,0.24$/3.90%,2025-08-19 08:00:31,2025-08-19 08:00:41,2025-08-19 08:12:20,5.06742213218979,2.4976510568203,0.594521,-0.440479,4.00244000,0.389107,0.899312912997493,0.896482322236753,EXIT_REASON_BY_TAKE,false,5m,300.0,3.0,100.0,0.1,0.1,0.8,0.8,10.0,1.0,5.0,5.0,5.0,1.5,-5.0,0.5,0.5,0.0,60.0,1.0,3.0,true,true,true,true,true,true,true,true,false,true,false,false,false,true,"LINK-USDT-SWAP,ETH-USDT-SWAP",true,5.0,false,5.0,true,5.0,true,5.0,true,5.0,true,5.0,false,1.0
44,3f1fe919-2ccd-4407-9e2b-910b37126b29,265,CLOSED,,LAYER-USDT-SWAP,LDO-USDT-SWAP,LAYER-USDT-SWAP/LDO-USDT-SWAP,0.5538,0.566,1.2857,1.3214,0.0,0.0,0.0,0.0,3.6630449209268554,0.39975765225679966,4.484336861861911E-79,1.1858806539513997E-7,0.2663629035916358,0.7013270488165437,0.8343757492634205,0.29992946123393427,0.0,0.0,0.0,0.0,0.0,0.0,-3.26,0.53678493,10.95000000,-0.67808891,-13.30000000,71.9993867513486,-0.14130398,72.11109281738092,-2.35000000,244,4,-4.99361738,0.5869777,-4.99%/244min,0.59%/4min,0.54$/10.95%,-0.68$/-13.30%,-0.14$/-2.35%,2025-08-19 03:50:32,2025-08-19 03:50:41,2025-08-19 08:20:45,3.89633897920945,0.39975765225679966,11.208917,-6.455655,1.330693,-15.322248,0.834992831549828,0.29992946123393427,EXIT_REASON_BY_Z_MIN,false,5m,300.0,3.0,100.0,0.1,0.1,0.8,0.8,10.0,1.0,5.0,5.0,5.0,1.5,-5.0,0.5,0.5,0.0,60.0,1.0,3.0,true,true,true,true,true,true,true,true,false,true,false,false,false,true,"LINK-USDT-SWAP,ETH-USDT-SWAP",true,5.0,false,5.0,true,5.0,true,5.0,true,5.0,true,5.0,false,1.0
50,54d9b06e-6e53-4039-aa10-65c574ae807f,87,CLOSED,,ORDI-USDT-SWAP,TON-USDT-SWAP,ORDI-USDT-SWAP/TON-USDT-SWAP,8.921,8.899,3.273,3.27,0.0,0.0,0.0,0.0,3.9856788958549156,0.40990495613719763,5.205821213477572E-106,8.84906330975791E-59,0.013103182527549374,2.2656516703440564E-5,0.8941671109234215,0.7645269945150122,0.0,0.0,0.0,0.0,0.0,0.0,-3.58,-0.04447217,-1.11000000,0.01048050,0.17000000,71.7947633114107,-0.03399167,72.06651526738092,-0.94000000,85,3,-0.94000000,0.4809554,-0.94%/85min,0.48%/3min,-0.04$/-1.11%,0.01$/0.17%,-0.03$/-0.94%,2025-08-19 07:30:32,2025-08-19 07:30:43,2025-08-19 08:56:11,3.98567889585492,0.40990495613719763,2.219321,-2.558179,1.320075,-2.129925,0.894167110923421,0.7645269945150122,EXIT_REASON_BY_Z_MIN,false,1m,300.0,3.0,100.0,0.01,0.01,0.8,0.8,10.0,1.0,5.0,5.0,5.0,1.5,-5.0,0.5,0.5,0.0,60.0,1.0,3.0,false,true,true,true,true,true,true,true,false,true,false,false,false,true,"LINK-USDT-SWAP,ETH-USDT-SWAP",true,5.0,false,5.0,true,5.0,true,5.0,true,5.0,true,5.0,false,1.0
52,7a67564a-caae-4caf-8afd-3959649b229f,30,CLOSED,,STRK-USDT-SWAP,YGG-USDT-SWAP,STRK-USDT-SWAP/YGG-USDT-SWAP,0.1341,0.1341,0.1545,0.1547,0.0,0.0,0.0,0.0,3.1034766342142737,0.4263505215351568,5.51781721480346E-151,3.1767102595475384E-167,0.04854092583613681,0.2038276400760411,0.9486388392691281,0.9602723234587742,0.0,0.0,0.0,0.0,0.0,0.0,-2.68,0E-8,0E-8,-0.04832415,-0.97000000,72.0780928173809,-0.04832415,72.02548256738092,-0.97000000,25,20,-0.97000000,0.1990855,-0.97%/25min,0.20%/20min,0.00$/0.00%,-0.05$/-0.97%,-0.05$/-0.97%,2025-08-19 08:30:33,2025-08-19 08:30:42,2025-08-19 08:56:23,3.10347663421427,0.4263505215351568,0.993426,-1.238574,1.214745,-0.97000000,0.9602723234587742,0.948623719329557,EXIT_REASON_BY_Z_MIN,false,1m,300.0,3.0,100.0,0.01,0.01,0.8,0.8,10.0,1.0,5.0,5.0,5.0,1.5,-5.0,0.5,0.5,0.0,60.0,1.0,3.0,false,true,true,true,true,true,true,true,false,true,false,false,false,true,"LINK-USDT-SWAP,ETH-USDT-SWAP",true,5.0,false,5.0,true,5.0,true,5.0,true,5.0,true,5.0,false,1.0
56,4e9a7638-fac7-4f46-9b0a-161e5240b917,17,CLOSED,,ETHFI-USDT-SWAP,NOT-USDT-SWAP,ETHFI-USDT-SWAP/NOT-USDT-SWAP,1.1012,1.1148,0.001877,0.001895,0.0,0.0,0.0,0.0,3.6532463058813636,-1.4821808594093269,1.4888297225120967E-193,7.342337330850011E-152,0.00478070668710189,0.014160221815522896,0.9737302177460774,0.9493475659030233,0.0,0.0,0.0,0.0,0.0,0.0,-5.14,0.30944520,5.63000000,-0.20240115,-4.50000000,71.9561683173809,0.10704405,71.99044256738091,1.13000000,2,15,0.03182545,1.36582530,0.03%/2min,1.37%/15min,0.31$/5.63%,-0.20$/-4.50%,0.11$/1.13%,2025-08-19 09:15:35,2025-08-19 09:15:45,2025-08-19 09:31:16,3.65324630588136,-1.4821808594093269,6.17480700,0.196625,0.248181,-4.51181900,0.973887683514149,0.9493475659030233,EXIT_REASON_BY_Z_MIN,false,1m,300.0,3.0,100.0,0.1,0.1,0.8,0.8,10.0,1.0,5.0,5.0,5.0,1.5,-5.0,0.5,0.5,0.0,60.0,1.0,3.0,true,true,true,true,true,true,true,true,false,true,false,false,false,true,"LINK-USDT-SWAP,ETH-USDT-SWAP",true,5.0,false,5.0,true,5.0,true,5.0,true,5.0,true,5.0,false,1.0
55,4ed44748-3ab0-4ab6-8ec1-29b28e2fc9aa,26,CLOSED,,BABY-USDT-SWAP,LAUNCHCOIN-USDT-SWAP,BABY-USDT-SWAP/LAUNCHCOIN-USDT-SWAP,0.05283,0.05265,0.04784,0.04754,0.0,0.0,0.0,0.0,3.3247656457903054,0.40138805150292195,3.825863322407448E-89,6.261040042622748E-100,0.9588683824938713,0.14748838014314847,0.8601803673057618,0.8830651645309581,0.0,0.0,0.0,0.0,0.0,0.0,-2.92,-0.09395300,-1.88000000,0.13776885,2.76000000,72.0254825673809,0.04381585,72.02914416738092,0.88000000,8,18,-0.2478575,1.2321425,-0.25%/8min,1.23%/18min,-0.09$/-1.88%,0.14$/2.76%,0.04$/0.88%,2025-08-19 09:06:50,2025-08-19 09:07:00,2025-08-19 09:34:12,3.32476564579031,0.40138805150292195,5.324301,-1.88000000,3.30398400,-5.774016,0.88978467859947,0.838901793835772,EXIT_REASON_BY_Z_MIN,false,1m,300.0,3.0,100.0,0.1,0.1,0.8,0.8,10.0,1.0,5.0,5.0,5.0,1.5,-5.0,0.5,0.5,0.0,60.0,1.0,3.0,true,true,true,true,true,true,true,true,false,true,false,false,false,true,"LINK-USDT-SWAP,ETH-USDT-SWAP",true,5.0,false,5.0,true,5.0,true,5.0,true,5.0,true,5.0,false,1.0
57,dca9426b-ebdd-41a8-9451-4b807b11fe77,13,CLOSED,,WIF-USDT-SWAP,WLD-USDT-SWAP,WIF-USDT-SWAP/WLD-USDT-SWAP,0.8629,0.8558,0.9461,0.9418,0.0,0.0,0.0,0.0,3.1272574640593582,-1.6456951861200537,5.229925023482803E-180,9.307384041562293E-126,0.006937927631312644,1.6021998965330696E-8,0.9675123223219281,0.9231611441684602,0.0,0.0,0.0,0.0,0.0,0.0,-4.77,-0.17991000,-4.09000000,0.12476235,2.23000000,72.1002857673809,-0.05514765,71.90343317238089,-1.86000000,11,1,-1.86000000,0.31204708,-1.86%/11min,0.31%/1min,-0.18$/-4.09%,0.12$/2.23%,-0.06$/-1.86%,2025-08-19 09:25:33,2025-08-19 09:25:43,2025-08-19 09:37:12,5.45062891124591,-1.6456951861200537,2.006506,-5.720767,4.232472,-1.722885,0.967512322321928,0.9231611441684602,EXIT_REASON_BY_Z_MIN,false,1m,300.0,3.0,100.0,0.1,0.1,0.8,0.8,10.0,1.0,5.0,5.0,5.0,1.5,-5.0,0.5,0.5,0.0,60.0,1.0,3.0,true,true,true,true,true,true,true,true,false,true,false,false,false,true,"LINK-USDT-SWAP,ETH-USDT-SWAP,BNB-USDT-SWAP",true,5.0,false,5.0,true,5.0,true,5.0,true,5.0,true,5.0,false,1.0
59,76c52863-0d8d-433b-bf92-65cfdf696c00,8,CLOSED,,GMT-USDT-SWAP,ORDI-USDT-SWAP,GMT-USDT-SWAP/ORDI-USDT-SWAP,0.0423499788135594,0.04236,8.857,8.874,0.0,0.0,0.0,0.0,2.0919913761424915,-0.27381683776092136,1.382299389767941E-117,1.1904146689241764E-161,0.69812881878502,0.0628476548445507,0.9123315399441868,0.9566189754202818,0.0,0.0,0.0,0.0,0.0,0.0,-2.37,0.00115942,0.03000000,-0.04622310,-0.77000000,72.0250441673809,-0.04506368,71.8623527473809,-0.74000000,5,1,-0.74000000,0.0531862,-0.74%/5min,0.05%/1min,0.00$/0.03%,-0.05$/-0.77%,-0.05$/-0.74%,2025-08-19 09:35:59,2025-08-19 09:36:13,2025-08-19 09:42:12,3.35100920964918,-0.27381683776092136,1.902115,0.03000000,-0.416433,-1.736433,0.9566189754202818,0.882890807528817,EXIT_REASON_BY_Z_MIN,false,15m,300.0,3.0,100.0,0.1,0.1,0.8,0.8,10.0,1.0,5.0,5.0,5.0,1.5,-5.0,0.5,0.5,0.0,60.0,1.0,3.0,true,true,true,true,true,true,true,true,false,true,false,false,false,true,"LINK-USDT-SWAP,ETH-USDT-SWAP",true,5.0,false,5.0,true,5.0,true,5.0,true,5.0,true,5.0,false,1.0
60,2889bdfe-d57c-42e5-b0ee-91712cb1bce7,16,CLOSED,,LAYER-USDT-SWAP,OL-USDT-SWAP,LAYER-USDT-SWAP/OL-USDT-SWAP,0.5587,0.5601,0.03869,0.0379,0.0,0.0,0.0,0.0,3.209858540552634,2.0792526424331674,8.832203737603444E-128,6.998197203960339E-25,0.2419936500921639,0.6157348593250986,0.9256196554322449,0.5476952509956439,0.0,0.0,0.0,0.0,0.0,0.0,-1.13,0.06296850,1.23000000,0.39079530,7.98000000,71.9161331723809,0.45376380,72.28415844738088,9.21000000,4,13,-0.77841908,9.21000000,-0.78%/4min,9.21%/13min,0.06$/1.23%,0.39$/7.98%,0.45$/9.21%,2025-08-19 09:40:52,2025-08-19 09:41:08,2025-08-19 09:54:11,3.20985854055263,2.0792526424331674,1.48177900,-3.106456,10.40586400,0.12015,0.925619655432245,0.542126991967637,EXIT_REASON_BY_TAKE,false,15m,300.0,3.5,100.0,0.1,0.1,0.8,0.8,10.0,1.0,5.0,5.0,5.0,1.5,-5.0,0.5,0.5,0.0,60.0,1.0,3.0,true,true,true,true,true,true,true,true,false,true,false,false,false,true,"LINK-USDT-SWAP,ETH-USDT-SWAP",true,5.0,false,5.0,true,5.0,true,5.0,true,5.0,true,5.0,false,1.0
61,a582e080-21f1-44d6-bff3-635d36d8ab3f,9,CLOSED,,ANIME-USDT-SWAP,PRCL-USDT-SWAP,ANIME-USDT-SWAP/PRCL-USDT-SWAP,0.0166,0.01662,0.0813896416938112,0.08103,0.0,0.0,0.0,0.0,3.2810302123156667,3.2810302123156667,8.465217823320423E-136,4.096391013592782E-136,0.7795308673631987,0.7795308673631987,0.9345886708234403,0.934917458216489,0.0,0.0,0.0,0.0,0.0,0.0,0.00,0.01499250,0.30000000,0.09597797,1.92000000,72.2841584473809,0.11097047,72.34524229238092,2.22000000,2,6,-0.284067,2.22000000,-0.28%/2min,2.22%/6min,0.01$/0.30%,0.10$/1.92%,0.11$/2.22%,2025-08-19 10:30:36,2025-08-19 10:30:46,2025-08-19 10:37:11,3.28103021231567,3.2810302123156667,2.349,-0.651,2.45806600,-1.717134,0.934917458216489,0.93458867082344,EXIT_REASON_BY_TAKE,false,15m,300.0,3.1,100.0,0.1,0.1,0.8,0.81,10.0,1.0,5.0,5.0,5.0,1.5,-5.0,0.5,0.5,0.0,60.0,1.0,3.0,true,true,true,true,true,true,true,true,false,true,false,false,false,true,"LINK-USDT-SWAP,ETH-USDT-SWAP",true,5.0,false,5.0,true,5.0,true,5.0,true,5.0,true,5.0,false,1.0
62,b2a2e86e-86cf-4db7-ab1d-12f7d21394cf,51,CLOSED,,ANIME-USDT-SWAP,PRCL-USDT-SWAP,ANIME-USDT-SWAP/PRCL-USDT-SWAP,0.01662,0.01672,0.0807,0.08126,0.0,0.0,0.0,0.0,3.2810302123156667,-0.5244836918957624,3.013482311963047E-136,4.289717743270244E-129,0.7795308673631987,0.003405132084867428,0.935056006956536,0.9271722954937494,0.0,0.0,0.0,0.0,0.0,0.0,-3.81,0.13493250,2.70000000,-0.17312652,-3.46000000,72.3452422923809,-0.03819402,71.91907647238092,-0.76000000,12,40,-1.3490685,1.3701315,-1.35%/12min,1.37%/40min,0.13$/2.70%,-0.17$/-3.46%,-0.04$/-0.76%,2025-08-19 10:40:38,2025-08-19 10:40:49,2025-08-19 11:30:12,3.28103021231567,-0.5244836918957624,3.2493,-3.0507,3.895563,-4.447437,0.93976812103293,0.9271722954937494,EXIT_REASON_BY_Z_MIN,false,15m,300.0,2.0,100.0,0.1,0.1,0.8,0.81,10.0,1.0,5.0,5.0,5.0,1.5,-5.0,0.5,0.5,0.0,60.0,1.0,3.0,true,true,true,true,true,true,true,true,false,true,false,false,false,true,"LINK-USDT-SWAP,ETH-USDT-SWAP",true,5.0,false,5.0,true,5.0,true,5.0,true,5.0,true,5.0,false,1.0
64,6d3f477d-1304-477c-92e3-032262fd0454,251,CLOSED,,TIA-USDT-SWAP,YGG-USDT-SWAP,TIA-USDT-SWAP/YGG-USDT-SWAP,1.692,1.644,0.1502,0.1477,0.0,0.0,0.0,0.0,2.2201205631922707,0.4982954961916448,1.0229202464741519E-243,4.34909846632703E-214,0.7979180783146413,0.2809163579515627,0.9879854174497117,0.9809419350473102,0.0,0.0,0.0,0.0,0.0,0.0,-1.72,-0.71992764,-14.12000000,0.39262462,8.01000000,72.3881849423809,-0.32730302,71.07906539397922,-6.11000000,249,2,-6.11000000,0.52331278,-6.11%/249min,0.52%/2min,-0.72$/-14.12%,0.39$/8.01%,-0.33$/-6.11%,2025-08-19 11:05:50,2025-08-19 11:06:01,2025-08-19 15:15:15,2.22586026376345,0.4982954961916448,5.248824,-15.933287,11.585109,-6.735892,0.988438655492488,0.97930376874186,EXIT_REASON_BY_Z_MIN,false,15m,300.0,3.0,100.0,0.1,0.1,0.8,0.81,10.0,1.0,5.0,5.0,5.0,1.5,-5.0,0.5,0.5,0.0,60.0,1.0,3.0,true,true,true,true,true,true,true,true,false,true,false,false,false,true,"LINK-USDT-SWAP,ETH-USDT-SWAP",true,5.0,false,5.0,true,5.0,true,5.0,true,5.0,true,5.0,false,1.0
63,2dd0becc-4b65-4623-8f24-8f03224e8976,268,CLOSED,,CELO-USDT-SWAP,STRK-USDT-SWAP,CELO-USDT-SWAP/STRK-USDT-SWAP,0.3166,0.315,0.1322,0.1342,0.0,0.0,0.0,0.0,2.7768337043473164,0.24171108110408032,1.4788165949804397E-176,1.4799149340649007E-166,0.01880384921353932,0.5568350259724419,0.9657013476479995,0.9598514266805648,0.0,0.0,0.0,0.0,0.0,0.0,-2.54,-0.11940786,-2.39000000,-0.41256224,-8.25000000,72.2682291423809,-0.53197010,70.99007569397563,-10.64000000,269,18,-10.64000000,0.165742,-10.64%/269min,0.17%/18min,-0.12$/-2.39%,-0.41$/-8.25%,-0.53$/-10.64%,2025-08-19 11:00:48,2025-08-19 11:01:00,2025-08-19 15:30:13,4.00223515836603,0.24171108110408032,5.394948,-11.346379,5.913427,-8.25000000,0.969604649739569,0.958016932249172,EXIT_REASON_BY_Z_MIN,false,15m,300.0,3.0,100.0,0.1,0.1,0.8,0.81,10.0,1.0,5.0,5.0,5.0,1.5,-5.0,0.5,0.5,0.0,60.0,1.0,3.0,true,true,true,true,true,true,true,true,false,true,false,false,false,true,"LINK-USDT-SWAP,ETH-USDT-SWAP",true,5.0,false,5.0,true,5.0,true,5.0,true,5.0,true,5.0,false,1.0
66,eecf4fb3-d5d3-4f48-a53f-92772ab2e087,12,CLOSED,,NEIRO-USDT-SWAP,SUSHI-USDT-SWAP,NEIRO-USDT-SWAP/SUSHI-USDT-SWAP,3.494940298508E-4,3.528E-4,0.7551,0.7593,0.0,0.0,0.0,0.0,3.159801575381047,-0.5394796902196313,1.017782407919539E-179,1.562002467935413E-176,0.7728149447097874,0.022929983287168904,0.9673644042898731,0.9656885269737774,0.0,0.0,0.0,0.0,0.0,0.0,-3.70,0.22138925,4.61000000,-0.13536765,-2.60000000,71.0399653939792,0.08602160,70.96963009397562,2.01000000,1,9,0.21667172,2.01000000,0.22%/1min,2.01%/9min,0.22$/4.61%,-0.14$/-2.60%,0.09$/2.01%,2025-08-19 15:20:33,2025-08-19 15:20:44,2025-08-19 15:30:29,3.15980157538105,-0.5394796902196313,5.556418,0.252251,0.239599,-2.60000000,0.967550745387768,0.9656885269737774,EXIT_REASON_BY_Z_MIN,false,15m,300.0,3.0,100.0,0.1,0.1,0.8,0.81,10.0,1.0,5.0,5.0,5.0,1.5,-5.0,0.5,0.5,0.0,60.0,1.0,3.0,true,true,true,true,true,true,true,true,false,true,false,false,false,true,"LINK-USDT-SWAP,ETH-USDT-SWAP",true,5.0,false,5.0,true,5.0,true,5.0,true,5.0,true,5.0,false,1.0
67,6b3179f9-828f-4650-a84d-c26da5958d46,74,CLOSED,,ORDI-USDT-SWAP,PRCL-USDT-SWAP,ORDI-USDT-SWAP/PRCL-USDT-SWAP,8.638,8.611,0.0825070247933885,0.08138,0.0,0.0,0.0,0.0,3.8851582222100496,1.725292484699356,5.723858981545898E-163,4.315794852736733E-153,0.5645583144890229,0.0534891671298632,0.9575127653615414,0.9503264678806647,0.0,0.0,0.0,0.0,0.0,0.0,-2.16,-0.08220853,-1.37000000,0.26803395,6.70000000,70.9852300939756,0.18582542,71.16348295473422,5.33000000,24,69,-2.4233204,5.33000000,-2.42%/24min,5.33%/69min,-0.08$/-1.37%,0.27$/6.70%,0.19$/5.33%,2025-08-19 15:31:02,2025-08-19 15:31:12,2025-08-19 16:40:15,4.55130730580672,1.725292484699356,0.698077,-6.736079,7.491584,-4.608416,0.957512765361541,0.949436725860431,EXIT_REASON_BY_TAKE,false,15m,300.0,3.5,100.0,0.01,0.8,0.8,0.8,10.0,1.0,5.0,5.0,5.0,2.0,-5.0,0.5,0.5,0.0,60.0,1.0,3.0,false,true,true,true,true,true,true,true,false,true,false,false,false,true,,true,5.0,false,25.0,true,5.0,true,5.0,true,5.0,true,5.0,false,0.0
3,79047589-6d37-4d7b-b183-aea1a9309554,403,CLOSED,,KSM-USDT-SWAP,OP-USDT-SWAP,KSM-USDT-SWAP/OP-USDT-SWAP,14.18,14.29,0.7067,0.7091,0.0,0.0,0.0,0.0,3.6069990483182375,1.066207241210844,1.6600800140891977E-253,1.005978006407494E-255,0.6292324796717139,0.6641544462206538,0.9896809281457768,0.9900302886041291,0.0,0.0,0.0,0.0,0.0,0.0,-2.54,0.22058140,0.77000000,-0.06668584,-0.31000000,71.1356252547342,0.15389556,71.23995980949121,0.46000000,41,401,-0.71043899,0.46000000,-0.71%/41min,0.46%/401min,0.22$/0.77%,-0.07$/-0.31%,0.15$/0.46%,2025-08-20 01:30:32,2025-08-20 01:30:42,2025-08-20 08:12:12,5.0907352707889,0.653687829077514,1.174987,-0.789925,1.260222,-1.722788,0.991114213420341,0.982403335034158,EXIT_REASON_BY_TAKE,false,15m,300.0,3.5,100.0,0.1,0.1,0.8,0.8,10.0,1.0,25.0,25.0,1.0,0.3,-5.0,0.0,0.5,0.0,60.0,1.0,1.0,true,true,true,true,true,true,true,true,false,false,false,false,false,true,,true,5.0,false,25.0,true,5.0,true,5.0,true,5.0,true,5.0,false,0.5
